{
  "AppliedAction" : {
    "_id" : "wm-AppliedAction-wm.NotificationVariable-1683802936390",
    "name" : "AppliedAction",
    "owner" : "Page",
    "category" : "wm.NotificationVariable",
    "dataBinding" : [ {
      "target" : "content",
      "value" : "inline",
      "type" : "string"
    }, {
      "target" : "text",
      "value" : "You have successfully applied for an appointment",
      "type" : "string"
    }, {
      "target" : "duration",
      "value" : "3000",
      "type" : "number"
    }, {
      "target" : "class",
      "value" : "Success",
      "type" : "string"
    }, {
      "target" : "toasterPosition",
      "value" : "bottom right",
      "type" : "string"
    } ],
    "operation" : "toast"
  },
  "bookedaction" : {
    "_id" : "wm-bookedaction-wm.NotificationVariable-1683977420745",
    "name" : "bookedaction",
    "owner" : "Page",
    "category" : "wm.NotificationVariable",
    "dataBinding" : [ {
      "target" : "content",
      "value" : "inline",
      "type" : "string"
    }, {
      "target" : "text",
      "value" : "You have successfully booked a appointment",
      "type" : "string"
    }, {
      "target" : "duration",
      "value" : "3000",
      "type" : "number"
    }, {
      "target" : "class",
      "value" : "Success",
      "type" : "string"
    }, {
      "target" : "toasterPosition",
      "value" : "bottom right",
      "type" : "string"
    } ],
    "operation" : "toast"
  },
  "Health_connectAppointmentsData" : {
    "_id" : "wm-Health_connectAppointmentsData-wm.LiveVariable-1684145803744",
    "name" : "Health_connectAppointmentsData",
    "owner" : "Page",
    "category" : "wm.LiveVariable",
    "dataBinding" : [ ],
    "operation" : "read",
    "dataSet" : [ ],
    "type" : "Appointments",
    "isList" : true,
    "saveInPhonegap" : false,
    "maxResults" : 20,
    "designMaxResults" : 10,
    "inFlightBehavior" : "executeLast",
    "startUpdate" : true,
    "autoUpdate" : true,
    "transformationRequired" : false,
    "liveSource" : "health_connect",
    "ignoreCase" : true,
    "matchMode" : "startignorecase",
    "orderBy" : "id asc",
    "propertiesMap" : {
      "columns" : [ {
        "fieldName" : "timeslots",
        "type" : "integer",
        "fullyQualifiedType" : "integer",
        "columnName" : "slot_id",
        "isPrimaryKey" : false,
        "notNull" : false,
        "length" : 0,
        "precision" : 10,
        "generator" : "assigned",
        "isRelated" : true,
        "defaultValue" : "",
        "relatedTableName" : "Timeslots",
        "relatedEntityName" : "Timeslots",
        "relatedColumnName" : "slotId",
        "relatedFieldName" : "timeslots.id",
        "isList" : false,
        "targetTable" : "Timeslots",
        "scale" : 0,
        "columns" : [ {
          "fieldName" : "id",
          "type" : "integer",
          "fullyQualifiedType" : "integer",
          "columnName" : "ID",
          "isPrimaryKey" : true,
          "notNull" : true,
          "length" : 0,
          "precision" : 10,
          "generator" : "identity",
          "isRelated" : false,
          "defaultValue" : "",
          "scale" : 0
        }, {
          "fieldName" : "timeslot",
          "type" : "string",
          "fullyQualifiedType" : "string",
          "columnName" : "timeslot",
          "isPrimaryKey" : false,
          "notNull" : false,
          "length" : 255,
          "precision" : 0,
          "generator" : "assigned",
          "isRelated" : false,
          "defaultValue" : "",
          "scale" : 0
        } ]
      }, {
        "fieldName" : "patients",
        "type" : "integer",
        "fullyQualifiedType" : "integer",
        "columnName" : "patient_id",
        "isPrimaryKey" : false,
        "notNull" : false,
        "length" : 0,
        "precision" : 10,
        "generator" : "assigned",
        "isRelated" : true,
        "relatedTableName" : "patients",
        "relatedEntityName" : "Patients",
        "relatedColumnName" : "patientId",
        "relatedFieldName" : "patients.id",
        "isList" : false,
        "targetTable" : "patients",
        "scale" : 0,
        "columns" : [ {
          "fieldName" : "id",
          "type" : "integer",
          "fullyQualifiedType" : "integer",
          "columnName" : "id",
          "isPrimaryKey" : true,
          "notNull" : true,
          "length" : 0,
          "precision" : 10,
          "generator" : "identity",
          "isRelated" : false,
          "scale" : 0
        }, {
          "fieldName" : "firstName",
          "type" : "string",
          "fullyQualifiedType" : "string",
          "columnName" : "first_name",
          "isPrimaryKey" : false,
          "notNull" : false,
          "length" : 255,
          "precision" : 0,
          "generator" : "assigned",
          "isRelated" : false,
          "scale" : 0
        }, {
          "fieldName" : "lastName",
          "type" : "string",
          "fullyQualifiedType" : "string",
          "columnName" : "last_name",
          "isPrimaryKey" : false,
          "notNull" : false,
          "length" : 255,
          "precision" : 0,
          "generator" : "assigned",
          "isRelated" : false,
          "scale" : 0
        }, {
          "fieldName" : "dateOfBirth",
          "type" : "date",
          "fullyQualifiedType" : "date",
          "columnName" : "date_of_birth",
          "isPrimaryKey" : false,
          "notNull" : false,
          "length" : 0,
          "precision" : 0,
          "generator" : "assigned",
          "isRelated" : false,
          "scale" : 0
        }, {
          "fieldName" : "gender",
          "type" : "string",
          "fullyQualifiedType" : "string",
          "columnName" : "gender",
          "isPrimaryKey" : false,
          "notNull" : false,
          "length" : 6,
          "precision" : 0,
          "generator" : "assigned",
          "isRelated" : false,
          "scale" : 0
        }, {
          "fieldName" : "addressLine",
          "type" : "string",
          "fullyQualifiedType" : "string",
          "columnName" : "address_line",
          "isPrimaryKey" : false,
          "notNull" : false,
          "length" : 255,
          "precision" : 0,
          "generator" : "assigned",
          "isRelated" : false,
          "scale" : 0
        }, {
          "fieldName" : "city",
          "type" : "string",
          "fullyQualifiedType" : "string",
          "columnName" : "city",
          "isPrimaryKey" : false,
          "notNull" : false,
          "length" : 255,
          "precision" : 0,
          "generator" : "assigned",
          "isRelated" : false,
          "scale" : 0
        }, {
          "fieldName" : "state",
          "type" : "string",
          "fullyQualifiedType" : "string",
          "columnName" : "state",
          "isPrimaryKey" : false,
          "notNull" : false,
          "length" : 255,
          "precision" : 0,
          "generator" : "assigned",
          "isRelated" : false,
          "scale" : 0
        }, {
          "fieldName" : "zipCode",
          "type" : "string",
          "fullyQualifiedType" : "string",
          "columnName" : "zip_code",
          "isPrimaryKey" : false,
          "notNull" : false,
          "length" : 255,
          "precision" : 0,
          "generator" : "assigned",
          "isRelated" : false,
          "scale" : 0
        }, {
          "fieldName" : "country",
          "type" : "string",
          "fullyQualifiedType" : "string",
          "columnName" : "country",
          "isPrimaryKey" : false,
          "notNull" : false,
          "length" : 255,
          "precision" : 0,
          "generator" : "assigned",
          "isRelated" : false,
          "scale" : 0
        }, {
          "fieldName" : "phoneNumber",
          "type" : "string",
          "fullyQualifiedType" : "string",
          "columnName" : "phone_number",
          "isPrimaryKey" : false,
          "notNull" : false,
          "length" : 255,
          "precision" : 0,
          "generator" : "assigned",
          "isRelated" : false,
          "scale" : 0
        }, {
          "fieldName" : "email",
          "type" : "string",
          "fullyQualifiedType" : "string",
          "columnName" : "email",
          "isPrimaryKey" : false,
          "notNull" : true,
          "length" : 255,
          "precision" : 0,
          "generator" : "assigned",
          "isRelated" : false,
          "defaultValue" : "",
          "scale" : 0
        }, {
          "fieldName" : "password",
          "type" : "string",
          "fullyQualifiedType" : "string",
          "columnName" : "password",
          "isPrimaryKey" : false,
          "notNull" : false,
          "length" : 20,
          "precision" : 0,
          "generator" : "assigned",
          "isRelated" : false,
          "defaultValue" : "",
          "scale" : 0
        }, {
          "fieldName" : "picture",
          "type" : "string",
          "fullyQualifiedType" : "string",
          "columnName" : "picture",
          "isPrimaryKey" : false,
          "notNull" : false,
          "length" : 255,
          "precision" : 0,
          "generator" : "assigned",
          "isRelated" : false,
          "defaultValue" : "",
          "scale" : 0
        } ]
      }, {
        "fieldName" : "doctors",
        "type" : "integer",
        "fullyQualifiedType" : "integer",
        "columnName" : "doctor_id",
        "isPrimaryKey" : false,
        "notNull" : false,
        "length" : 0,
        "precision" : 10,
        "generator" : "assigned",
        "isRelated" : true,
        "relatedTableName" : "doctors",
        "relatedEntityName" : "Doctors",
        "relatedColumnName" : "doctorId",
        "relatedFieldName" : "doctors.id",
        "isList" : false,
        "targetTable" : "doctors",
        "scale" : 0,
        "columns" : [ {
          "fieldName" : "hospitals",
          "type" : "integer",
          "fullyQualifiedType" : "integer",
          "columnName" : "hospital_id",
          "isPrimaryKey" : false,
          "notNull" : false,
          "length" : 0,
          "precision" : 10,
          "generator" : "assigned",
          "isRelated" : true,
          "relatedColumnName" : "hospitalId",
          "targetTable" : "hospitals",
          "scale" : 0
        }, {
          "fieldName" : "departments",
          "type" : "integer",
          "fullyQualifiedType" : "integer",
          "columnName" : "department_id",
          "isPrimaryKey" : false,
          "notNull" : false,
          "length" : 0,
          "precision" : 10,
          "generator" : "assigned",
          "isRelated" : true,
          "relatedColumnName" : "departmentId",
          "targetTable" : "departments",
          "scale" : 0
        }, {
          "fieldName" : "id",
          "type" : "integer",
          "fullyQualifiedType" : "integer",
          "columnName" : "id",
          "isPrimaryKey" : true,
          "notNull" : true,
          "length" : 0,
          "precision" : 10,
          "generator" : "identity",
          "isRelated" : false,
          "scale" : 0
        }, {
          "fieldName" : "picture",
          "type" : "string",
          "fullyQualifiedType" : "string",
          "columnName" : "picture",
          "isPrimaryKey" : false,
          "notNull" : false,
          "length" : 255,
          "precision" : 0,
          "generator" : "assigned",
          "isRelated" : false,
          "scale" : 0
        }, {
          "fieldName" : "fullName",
          "type" : "string",
          "fullyQualifiedType" : "string",
          "columnName" : "full_name",
          "isPrimaryKey" : false,
          "notNull" : false,
          "length" : 255,
          "precision" : 0,
          "generator" : "assigned",
          "isRelated" : false,
          "scale" : 0
        }, {
          "fieldName" : "specialization",
          "type" : "string",
          "fullyQualifiedType" : "string",
          "columnName" : "specialization",
          "isPrimaryKey" : false,
          "notNull" : false,
          "length" : 255,
          "precision" : 0,
          "generator" : "assigned",
          "isRelated" : false,
          "scale" : 0
        }, {
          "fieldName" : "daysAvailable",
          "type" : "string",
          "fullyQualifiedType" : "string",
          "columnName" : "days_available",
          "isPrimaryKey" : false,
          "notNull" : false,
          "length" : 255,
          "precision" : 0,
          "generator" : "assigned",
          "isRelated" : false,
          "scale" : 0
        }, {
          "fieldName" : "doctorStartDate",
          "type" : "date",
          "fullyQualifiedType" : "date",
          "columnName" : "doctor_start_date",
          "isPrimaryKey" : false,
          "notNull" : false,
          "length" : 0,
          "precision" : 0,
          "generator" : "assigned",
          "isRelated" : false,
          "scale" : 0
        }, {
          "fieldName" : "endDate",
          "type" : "date",
          "fullyQualifiedType" : "date",
          "columnName" : "end_date",
          "isPrimaryKey" : false,
          "notNull" : false,
          "length" : 0,
          "precision" : 0,
          "generator" : "assigned",
          "isRelated" : false,
          "scale" : 0
        } ]
      }, {
        "fieldName" : "id",
        "type" : "integer",
        "fullyQualifiedType" : "integer",
        "columnName" : "id",
        "isPrimaryKey" : true,
        "notNull" : true,
        "length" : 0,
        "precision" : 10,
        "generator" : "identity",
        "isRelated" : false,
        "scale" : 0
      }, {
        "fieldName" : "appointmentDate",
        "type" : "date",
        "fullyQualifiedType" : "date",
        "columnName" : "appointment_date",
        "isPrimaryKey" : false,
        "notNull" : false,
        "length" : 0,
        "precision" : 0,
        "generator" : "assigned",
        "isRelated" : false,
        "scale" : 0
      }, {
        "fieldName" : "dayOfWeek",
        "type" : "string",
        "fullyQualifiedType" : "string",
        "columnName" : "day_of_week",
        "isPrimaryKey" : false,
        "notNull" : false,
        "length" : 255,
        "precision" : 0,
        "generator" : "assigned",
        "isRelated" : false,
        "scale" : 0
      }, {
        "fieldName" : "appointmentStatus",
        "type" : "string",
        "fullyQualifiedType" : "string",
        "columnName" : "appointment_status",
        "isPrimaryKey" : false,
        "notNull" : false,
        "length" : 255,
        "precision" : 0,
        "generator" : "assigned",
        "isRelated" : false,
        "defaultValue" : "",
        "scale" : 0
      } ],
      "entityName" : "Appointments",
      "fullyQualifiedName" : "com.healthconnect_pro.health_connect.Appointments",
      "tableType" : "TABLE",
      "primaryFields" : [ "id" ]
    },
    "isDefault" : true,
    "bindCount" : 3,
    "tableName" : "appointments",
    "tableType" : "TABLE",
    "properties" : [ "timeslots", "patients", "doctors" ],
    "relatedTables" : [ {
      "columnName" : "timeslots",
      "relationName" : "timeslots",
      "type" : "Timeslots",
      "watchOn" : "Health_connectTimeslotsData",
      "package" : "com.healthconnect_pro.health_connect.Appointments"
    }, {
      "columnName" : "patients",
      "relationName" : "patients",
      "type" : "Patients",
      "watchOn" : "Health_connectPatientsData",
      "package" : "com.healthconnect_pro.health_connect.Appointments"
    }, {
      "columnName" : "doctors",
      "relationName" : "doctors",
      "type" : "Doctors",
      "watchOn" : "Health_connectDoctorsData",
      "package" : "com.healthconnect_pro.health_connect.Appointments"
    } ],
    "filterFields" : { },
    "filterExpressions" : {
      "condition" : "AND",
      "rules" : [ {
        "target" : "doctors.id",
        "type" : "integer",
        "matchMode" : "exact",
        "value" : "bind:Widgets.DoctorsList1.selecteditem.id",
        "required" : false,
        "secondvalue" : "",
        "isFirst" : true
      } ]
    },
    "package" : "com.healthconnect_pro.health_connect.Appointments"
  },
  "Health_connectAppointmentsData3" : {
    "_id" : "wm-Health_connectAppointmentsData3-wm.LiveVariable-1684136193243",
    "name" : "Health_connectAppointmentsData3",
    "owner" : "Page",
    "category" : "wm.LiveVariable",
    "dataBinding" : [ ],
    "operation" : "read",
    "dataSet" : [ ],
    "type" : "Appointments",
    "isList" : true,
    "saveInPhonegap" : false,
    "maxResults" : 20,
    "designMaxResults" : 10,
    "inFlightBehavior" : "executeLast",
    "startUpdate" : true,
    "autoUpdate" : true,
    "transformationRequired" : false,
    "liveSource" : "health_connect",
    "ignoreCase" : true,
    "matchMode" : "startignorecase",
    "orderBy" : "id asc",
    "propertiesMap" : {
      "columns" : [ {
        "fieldName" : "timeslots",
        "type" : "integer",
        "fullyQualifiedType" : "integer",
        "columnName" : "slot_id",
        "isPrimaryKey" : false,
        "notNull" : false,
        "length" : 0,
        "precision" : 10,
        "generator" : "assigned",
        "isRelated" : true,
        "defaultValue" : "",
        "relatedTableName" : "Timeslots",
        "relatedEntityName" : "Timeslots",
        "relatedColumnName" : "slotId",
        "relatedFieldName" : "timeslots.id",
        "isList" : false,
        "targetTable" : "Timeslots",
        "scale" : 0,
        "columns" : [ {
          "fieldName" : "id",
          "type" : "integer",
          "fullyQualifiedType" : "integer",
          "columnName" : "ID",
          "isPrimaryKey" : true,
          "notNull" : true,
          "length" : 0,
          "precision" : 10,
          "generator" : "identity",
          "isRelated" : false,
          "defaultValue" : "",
          "scale" : 0
        }, {
          "fieldName" : "timeslot",
          "type" : "string",
          "fullyQualifiedType" : "string",
          "columnName" : "timeslot",
          "isPrimaryKey" : false,
          "notNull" : false,
          "length" : 255,
          "precision" : 0,
          "generator" : "assigned",
          "isRelated" : false,
          "defaultValue" : "",
          "scale" : 0
        } ]
      }, {
        "fieldName" : "patients",
        "type" : "integer",
        "fullyQualifiedType" : "integer",
        "columnName" : "patient_id",
        "isPrimaryKey" : false,
        "notNull" : false,
        "length" : 0,
        "precision" : 10,
        "generator" : "assigned",
        "isRelated" : true,
        "relatedTableName" : "patients",
        "relatedEntityName" : "Patients",
        "relatedColumnName" : "patientId",
        "relatedFieldName" : "patients.id",
        "isList" : false,
        "targetTable" : "patients",
        "scale" : 0,
        "columns" : [ {
          "fieldName" : "id",
          "type" : "integer",
          "fullyQualifiedType" : "integer",
          "columnName" : "id",
          "isPrimaryKey" : true,
          "notNull" : true,
          "length" : 0,
          "precision" : 10,
          "generator" : "identity",
          "isRelated" : false,
          "scale" : 0
        }, {
          "fieldName" : "firstName",
          "type" : "string",
          "fullyQualifiedType" : "string",
          "columnName" : "first_name",
          "isPrimaryKey" : false,
          "notNull" : false,
          "length" : 255,
          "precision" : 0,
          "generator" : "assigned",
          "isRelated" : false,
          "scale" : 0
        }, {
          "fieldName" : "lastName",
          "type" : "string",
          "fullyQualifiedType" : "string",
          "columnName" : "last_name",
          "isPrimaryKey" : false,
          "notNull" : false,
          "length" : 255,
          "precision" : 0,
          "generator" : "assigned",
          "isRelated" : false,
          "scale" : 0
        }, {
          "fieldName" : "dateOfBirth",
          "type" : "date",
          "fullyQualifiedType" : "date",
          "columnName" : "date_of_birth",
          "isPrimaryKey" : false,
          "notNull" : false,
          "length" : 0,
          "precision" : 0,
          "generator" : "assigned",
          "isRelated" : false,
          "scale" : 0
        }, {
          "fieldName" : "gender",
          "type" : "string",
          "fullyQualifiedType" : "string",
          "columnName" : "gender",
          "isPrimaryKey" : false,
          "notNull" : false,
          "length" : 6,
          "precision" : 0,
          "generator" : "assigned",
          "isRelated" : false,
          "scale" : 0
        }, {
          "fieldName" : "addressLine",
          "type" : "string",
          "fullyQualifiedType" : "string",
          "columnName" : "address_line",
          "isPrimaryKey" : false,
          "notNull" : false,
          "length" : 255,
          "precision" : 0,
          "generator" : "assigned",
          "isRelated" : false,
          "scale" : 0
        }, {
          "fieldName" : "city",
          "type" : "string",
          "fullyQualifiedType" : "string",
          "columnName" : "city",
          "isPrimaryKey" : false,
          "notNull" : false,
          "length" : 255,
          "precision" : 0,
          "generator" : "assigned",
          "isRelated" : false,
          "scale" : 0
        }, {
          "fieldName" : "state",
          "type" : "string",
          "fullyQualifiedType" : "string",
          "columnName" : "state",
          "isPrimaryKey" : false,
          "notNull" : false,
          "length" : 255,
          "precision" : 0,
          "generator" : "assigned",
          "isRelated" : false,
          "scale" : 0
        }, {
          "fieldName" : "zipCode",
          "type" : "string",
          "fullyQualifiedType" : "string",
          "columnName" : "zip_code",
          "isPrimaryKey" : false,
          "notNull" : false,
          "length" : 255,
          "precision" : 0,
          "generator" : "assigned",
          "isRelated" : false,
          "scale" : 0
        }, {
          "fieldName" : "country",
          "type" : "string",
          "fullyQualifiedType" : "string",
          "columnName" : "country",
          "isPrimaryKey" : false,
          "notNull" : false,
          "length" : 255,
          "precision" : 0,
          "generator" : "assigned",
          "isRelated" : false,
          "scale" : 0
        }, {
          "fieldName" : "phoneNumber",
          "type" : "string",
          "fullyQualifiedType" : "string",
          "columnName" : "phone_number",
          "isPrimaryKey" : false,
          "notNull" : false,
          "length" : 255,
          "precision" : 0,
          "generator" : "assigned",
          "isRelated" : false,
          "scale" : 0
        }, {
          "fieldName" : "email",
          "type" : "string",
          "fullyQualifiedType" : "string",
          "columnName" : "email",
          "isPrimaryKey" : false,
          "notNull" : true,
          "length" : 255,
          "precision" : 0,
          "generator" : "assigned",
          "isRelated" : false,
          "defaultValue" : "",
          "scale" : 0
        }, {
          "fieldName" : "password",
          "type" : "string",
          "fullyQualifiedType" : "string",
          "columnName" : "password",
          "isPrimaryKey" : false,
          "notNull" : false,
          "length" : 20,
          "precision" : 0,
          "generator" : "assigned",
          "isRelated" : false,
          "defaultValue" : "",
          "scale" : 0
        }, {
          "fieldName" : "picture",
          "type" : "string",
          "fullyQualifiedType" : "string",
          "columnName" : "picture",
          "isPrimaryKey" : false,
          "notNull" : false,
          "length" : 255,
          "precision" : 0,
          "generator" : "assigned",
          "isRelated" : false,
          "defaultValue" : "",
          "scale" : 0
        } ]
      }, {
        "fieldName" : "doctors",
        "type" : "integer",
        "fullyQualifiedType" : "integer",
        "columnName" : "doctor_id",
        "isPrimaryKey" : false,
        "notNull" : false,
        "length" : 0,
        "precision" : 10,
        "generator" : "assigned",
        "isRelated" : true,
        "relatedTableName" : "doctors",
        "relatedEntityName" : "Doctors",
        "relatedColumnName" : "doctorId",
        "relatedFieldName" : "doctors.id",
        "isList" : false,
        "targetTable" : "doctors",
        "scale" : 0,
        "columns" : [ {
          "fieldName" : "hospitals",
          "type" : "integer",
          "fullyQualifiedType" : "integer",
          "columnName" : "hospital_id",
          "isPrimaryKey" : false,
          "notNull" : false,
          "length" : 0,
          "precision" : 10,
          "generator" : "assigned",
          "isRelated" : true,
          "relatedColumnName" : "hospitalId",
          "targetTable" : "hospitals",
          "scale" : 0
        }, {
          "fieldName" : "departments",
          "type" : "integer",
          "fullyQualifiedType" : "integer",
          "columnName" : "department_id",
          "isPrimaryKey" : false,
          "notNull" : false,
          "length" : 0,
          "precision" : 10,
          "generator" : "assigned",
          "isRelated" : true,
          "relatedColumnName" : "departmentId",
          "targetTable" : "departments",
          "scale" : 0
        }, {
          "fieldName" : "id",
          "type" : "integer",
          "fullyQualifiedType" : "integer",
          "columnName" : "id",
          "isPrimaryKey" : true,
          "notNull" : true,
          "length" : 0,
          "precision" : 10,
          "generator" : "identity",
          "isRelated" : false,
          "scale" : 0
        }, {
          "fieldName" : "picture",
          "type" : "string",
          "fullyQualifiedType" : "string",
          "columnName" : "picture",
          "isPrimaryKey" : false,
          "notNull" : false,
          "length" : 255,
          "precision" : 0,
          "generator" : "assigned",
          "isRelated" : false,
          "scale" : 0
        }, {
          "fieldName" : "fullName",
          "type" : "string",
          "fullyQualifiedType" : "string",
          "columnName" : "full_name",
          "isPrimaryKey" : false,
          "notNull" : false,
          "length" : 255,
          "precision" : 0,
          "generator" : "assigned",
          "isRelated" : false,
          "scale" : 0
        }, {
          "fieldName" : "specialization",
          "type" : "string",
          "fullyQualifiedType" : "string",
          "columnName" : "specialization",
          "isPrimaryKey" : false,
          "notNull" : false,
          "length" : 255,
          "precision" : 0,
          "generator" : "assigned",
          "isRelated" : false,
          "scale" : 0
        }, {
          "fieldName" : "daysAvailable",
          "type" : "string",
          "fullyQualifiedType" : "string",
          "columnName" : "days_available",
          "isPrimaryKey" : false,
          "notNull" : false,
          "length" : 255,
          "precision" : 0,
          "generator" : "assigned",
          "isRelated" : false,
          "scale" : 0
        }, {
          "fieldName" : "doctorStartDate",
          "type" : "date",
          "fullyQualifiedType" : "date",
          "columnName" : "doctor_start_date",
          "isPrimaryKey" : false,
          "notNull" : false,
          "length" : 0,
          "precision" : 0,
          "generator" : "assigned",
          "isRelated" : false,
          "scale" : 0
        }, {
          "fieldName" : "endDate",
          "type" : "date",
          "fullyQualifiedType" : "date",
          "columnName" : "end_date",
          "isPrimaryKey" : false,
          "notNull" : false,
          "length" : 0,
          "precision" : 0,
          "generator" : "assigned",
          "isRelated" : false,
          "scale" : 0
        } ]
      }, {
        "fieldName" : "id",
        "type" : "integer",
        "fullyQualifiedType" : "integer",
        "columnName" : "id",
        "isPrimaryKey" : true,
        "notNull" : true,
        "length" : 0,
        "precision" : 10,
        "generator" : "identity",
        "isRelated" : false,
        "scale" : 0
      }, {
        "fieldName" : "appointmentDate",
        "type" : "date",
        "fullyQualifiedType" : "date",
        "columnName" : "appointment_date",
        "isPrimaryKey" : false,
        "notNull" : false,
        "length" : 0,
        "precision" : 0,
        "generator" : "assigned",
        "isRelated" : false,
        "scale" : 0
      }, {
        "fieldName" : "dayOfWeek",
        "type" : "string",
        "fullyQualifiedType" : "string",
        "columnName" : "day_of_week",
        "isPrimaryKey" : false,
        "notNull" : false,
        "length" : 255,
        "precision" : 0,
        "generator" : "assigned",
        "isRelated" : false,
        "scale" : 0
      }, {
        "fieldName" : "appointmentStatus",
        "type" : "string",
        "fullyQualifiedType" : "string",
        "columnName" : "appointment_status",
        "isPrimaryKey" : false,
        "notNull" : false,
        "length" : 255,
        "precision" : 0,
        "generator" : "assigned",
        "isRelated" : false,
        "defaultValue" : "",
        "scale" : 0
      } ],
      "entityName" : "Appointments",
      "fullyQualifiedName" : "com.healthconnect_pro.health_connect.Appointments",
      "tableType" : "TABLE",
      "primaryFields" : [ "id" ]
    },
    "isDefault" : true,
    "bindCount" : 1,
    "tableName" : "appointments",
    "tableType" : "TABLE",
    "properties" : [ "timeslots", "patients", "doctors" ],
    "relatedTables" : [ {
      "columnName" : "timeslots",
      "relationName" : "timeslots",
      "type" : "Timeslots",
      "watchOn" : "Health_connectTimeslotsData",
      "package" : "com.healthconnect_pro.health_connect.Appointments"
    }, {
      "columnName" : "patients",
      "relationName" : "patients",
      "type" : "Patients",
      "watchOn" : "Health_connectPatientsData",
      "package" : "com.healthconnect_pro.health_connect.Appointments"
    }, {
      "columnName" : "doctors",
      "relationName" : "doctors",
      "type" : "Doctors",
      "watchOn" : "Health_connectDoctorsData",
      "package" : "com.healthconnect_pro.health_connect.Appointments"
    } ],
    "filterExpressions" : { },
    "package" : "com.healthconnect_pro.health_connect.Appointments"
  },
  "Health_connectDoctorsData" : {
    "_id" : "wm-Health_connectDoctorsData-wm.LiveVariable-1684146948090",
    "name" : "Health_connectDoctorsData",
    "owner" : "Page",
    "category" : "wm.LiveVariable",
    "dataBinding" : [ ],
    "operation" : "read",
    "dataSet" : [ ],
    "type" : "Doctors",
    "isList" : true,
    "saveInPhonegap" : false,
    "maxResults" : 20,
    "designMaxResults" : 10,
    "inFlightBehavior" : "executeLast",
    "startUpdate" : true,
    "autoUpdate" : true,
    "transformationRequired" : false,
    "liveSource" : "health_connect",
    "ignoreCase" : true,
    "matchMode" : "startignorecase",
    "orderBy" : "id asc",
    "propertiesMap" : {
      "columns" : [ {
        "fieldName" : "hospitals",
        "type" : "integer",
        "fullyQualifiedType" : "integer",
        "columnName" : "hospital_id",
        "isPrimaryKey" : false,
        "notNull" : false,
        "length" : 0,
        "precision" : 10,
        "generator" : "assigned",
        "isRelated" : true,
        "relatedTableName" : "hospitals",
        "relatedEntityName" : "Hospitals",
        "relatedColumnName" : "hospitalId",
        "relatedFieldName" : "hospitals.id",
        "isList" : false,
        "targetTable" : "hospitals",
        "scale" : 0,
        "columns" : [ {
          "fieldName" : "id",
          "type" : "integer",
          "fullyQualifiedType" : "integer",
          "columnName" : "id",
          "isPrimaryKey" : true,
          "notNull" : true,
          "length" : 0,
          "precision" : 10,
          "generator" : "identity",
          "isRelated" : false,
          "scale" : 0
        }, {
          "fieldName" : "hospitalName",
          "type" : "string",
          "fullyQualifiedType" : "string",
          "columnName" : "hospital_name",
          "isPrimaryKey" : false,
          "notNull" : false,
          "length" : 255,
          "precision" : 0,
          "generator" : "assigned",
          "isRelated" : false,
          "scale" : 0
        }, {
          "fieldName" : "hospitalAddress",
          "type" : "string",
          "fullyQualifiedType" : "string",
          "columnName" : "hospital_address",
          "isPrimaryKey" : false,
          "notNull" : false,
          "length" : 255,
          "precision" : 0,
          "generator" : "assigned",
          "isRelated" : false,
          "scale" : 0
        }, {
          "fieldName" : "hospitalDescription",
          "type" : "string",
          "fullyQualifiedType" : "string",
          "columnName" : "hospital_description",
          "isPrimaryKey" : false,
          "notNull" : false,
          "length" : 255,
          "precision" : 0,
          "generator" : "assigned",
          "isRelated" : false,
          "scale" : 0
        }, {
          "fieldName" : "picture",
          "type" : "string",
          "fullyQualifiedType" : "string",
          "columnName" : "picture",
          "isPrimaryKey" : false,
          "notNull" : false,
          "length" : 255,
          "precision" : 0,
          "generator" : "assigned",
          "isRelated" : false,
          "scale" : 0
        }, {
          "fieldName" : "numberofdoctors",
          "type" : "integer",
          "fullyQualifiedType" : "integer",
          "columnName" : "numberofdoctors",
          "isPrimaryKey" : false,
          "notNull" : false,
          "length" : 0,
          "precision" : 10,
          "generator" : "assigned",
          "isRelated" : false,
          "scale" : 0
        }, {
          "fieldName" : "numberofnurses",
          "type" : "integer",
          "fullyQualifiedType" : "integer",
          "columnName" : "numberofnurses",
          "isPrimaryKey" : false,
          "notNull" : false,
          "length" : 0,
          "precision" : 10,
          "generator" : "assigned",
          "isRelated" : false,
          "scale" : 0
        }, {
          "fieldName" : "personalstaff",
          "type" : "integer",
          "fullyQualifiedType" : "integer",
          "columnName" : "personalstaff",
          "isPrimaryKey" : false,
          "notNull" : false,
          "length" : 0,
          "precision" : 10,
          "generator" : "assigned",
          "isRelated" : false,
          "scale" : 0
        }, {
          "fieldName" : "city",
          "type" : "string",
          "fullyQualifiedType" : "string",
          "columnName" : "city",
          "isPrimaryKey" : false,
          "notNull" : false,
          "length" : 255,
          "precision" : 0,
          "generator" : "assigned",
          "isRelated" : false,
          "scale" : 0
        }, {
          "fieldName" : "hospitalState",
          "type" : "string",
          "fullyQualifiedType" : "string",
          "columnName" : "hospital_state",
          "isPrimaryKey" : false,
          "notNull" : false,
          "length" : 255,
          "precision" : 0,
          "generator" : "assigned",
          "isRelated" : false,
          "scale" : 0
        }, {
          "fieldName" : "zipCode",
          "type" : "string",
          "fullyQualifiedType" : "string",
          "columnName" : "zip_code",
          "isPrimaryKey" : false,
          "notNull" : false,
          "length" : 255,
          "precision" : 0,
          "generator" : "assigned",
          "isRelated" : false,
          "scale" : 0
        }, {
          "fieldName" : "country",
          "type" : "string",
          "fullyQualifiedType" : "string",
          "columnName" : "country",
          "isPrimaryKey" : false,
          "notNull" : false,
          "length" : 255,
          "precision" : 0,
          "generator" : "assigned",
          "isRelated" : false,
          "scale" : 0
        }, {
          "fieldName" : "phoneNumber",
          "type" : "string",
          "fullyQualifiedType" : "string",
          "columnName" : "phone_number",
          "isPrimaryKey" : false,
          "notNull" : false,
          "length" : 255,
          "precision" : 0,
          "generator" : "assigned",
          "isRelated" : false,
          "scale" : 0
        }, {
          "fieldName" : "email",
          "type" : "string",
          "fullyQualifiedType" : "string",
          "columnName" : "email",
          "isPrimaryKey" : false,
          "notNull" : false,
          "length" : 255,
          "precision" : 0,
          "generator" : "assigned",
          "isRelated" : false,
          "scale" : 0
        }, {
          "fieldName" : "website",
          "type" : "string",
          "fullyQualifiedType" : "string",
          "columnName" : "website",
          "isPrimaryKey" : false,
          "notNull" : false,
          "length" : 255,
          "precision" : 0,
          "generator" : "assigned",
          "isRelated" : false,
          "scale" : 0
        } ]
      }, {
        "fieldName" : "departments",
        "type" : "integer",
        "fullyQualifiedType" : "integer",
        "columnName" : "department_id",
        "isPrimaryKey" : false,
        "notNull" : false,
        "length" : 0,
        "precision" : 10,
        "generator" : "assigned",
        "isRelated" : true,
        "relatedTableName" : "departments",
        "relatedEntityName" : "Departments",
        "relatedColumnName" : "departmentId",
        "relatedFieldName" : "departments.id",
        "isList" : false,
        "targetTable" : "departments",
        "scale" : 0,
        "columns" : [ {
          "fieldName" : "hospitals",
          "type" : "integer",
          "fullyQualifiedType" : "integer",
          "columnName" : "hospital_id",
          "isPrimaryKey" : false,
          "notNull" : false,
          "length" : 0,
          "precision" : 10,
          "generator" : "assigned",
          "isRelated" : true,
          "relatedColumnName" : "hospitalId",
          "targetTable" : "hospitals",
          "scale" : 0
        }, {
          "fieldName" : "id",
          "type" : "integer",
          "fullyQualifiedType" : "integer",
          "columnName" : "id",
          "isPrimaryKey" : true,
          "notNull" : true,
          "length" : 0,
          "precision" : 10,
          "generator" : "assigned",
          "isRelated" : false,
          "scale" : 0
        }, {
          "fieldName" : "departmentName",
          "type" : "string",
          "fullyQualifiedType" : "string",
          "columnName" : "department_name",
          "isPrimaryKey" : false,
          "notNull" : false,
          "length" : 255,
          "precision" : 0,
          "generator" : "assigned",
          "isRelated" : false,
          "defaultValue" : "",
          "scale" : 0
        }, {
          "fieldName" : "departmentHead",
          "type" : "string",
          "fullyQualifiedType" : "string",
          "columnName" : "department_head",
          "isPrimaryKey" : false,
          "notNull" : false,
          "length" : 255,
          "precision" : 0,
          "generator" : "assigned",
          "isRelated" : false,
          "scale" : 0
        }, {
          "fieldName" : "departmentDescription",
          "type" : "string",
          "fullyQualifiedType" : "string",
          "columnName" : "department_description",
          "isPrimaryKey" : false,
          "notNull" : false,
          "length" : 255,
          "precision" : 0,
          "generator" : "assigned",
          "isRelated" : false,
          "scale" : 0
        } ]
      }, {
        "fieldName" : "id",
        "type" : "integer",
        "fullyQualifiedType" : "integer",
        "columnName" : "id",
        "isPrimaryKey" : true,
        "notNull" : true,
        "length" : 0,
        "precision" : 10,
        "generator" : "identity",
        "isRelated" : false,
        "scale" : 0
      }, {
        "fieldName" : "picture",
        "type" : "string",
        "fullyQualifiedType" : "string",
        "columnName" : "picture",
        "isPrimaryKey" : false,
        "notNull" : false,
        "length" : 255,
        "precision" : 0,
        "generator" : "assigned",
        "isRelated" : false,
        "scale" : 0
      }, {
        "fieldName" : "fullName",
        "type" : "string",
        "fullyQualifiedType" : "string",
        "columnName" : "full_name",
        "isPrimaryKey" : false,
        "notNull" : false,
        "length" : 255,
        "precision" : 0,
        "generator" : "assigned",
        "isRelated" : false,
        "scale" : 0
      }, {
        "fieldName" : "specialization",
        "type" : "string",
        "fullyQualifiedType" : "string",
        "columnName" : "specialization",
        "isPrimaryKey" : false,
        "notNull" : false,
        "length" : 255,
        "precision" : 0,
        "generator" : "assigned",
        "isRelated" : false,
        "scale" : 0
      }, {
        "fieldName" : "daysAvailable",
        "type" : "string",
        "fullyQualifiedType" : "string",
        "columnName" : "days_available",
        "isPrimaryKey" : false,
        "notNull" : false,
        "length" : 255,
        "precision" : 0,
        "generator" : "assigned",
        "isRelated" : false,
        "scale" : 0
      }, {
        "fieldName" : "doctorStartDate",
        "type" : "date",
        "fullyQualifiedType" : "date",
        "columnName" : "doctor_start_date",
        "isPrimaryKey" : false,
        "notNull" : false,
        "length" : 0,
        "precision" : 0,
        "generator" : "assigned",
        "isRelated" : false,
        "scale" : 0
      }, {
        "fieldName" : "endDate",
        "type" : "date",
        "fullyQualifiedType" : "date",
        "columnName" : "end_date",
        "isPrimaryKey" : false,
        "notNull" : false,
        "length" : 0,
        "precision" : 0,
        "generator" : "assigned",
        "isRelated" : false,
        "scale" : 0
      } ],
      "entityName" : "Doctors",
      "fullyQualifiedName" : "com.healthconnect_pro.health_connect.Doctors",
      "tableType" : "TABLE",
      "primaryFields" : [ "id" ]
    },
    "isDefault" : true,
    "bindCount" : 2,
    "tableName" : "doctors",
    "tableType" : "TABLE",
    "properties" : [ "hospitals", "departments" ],
    "relatedTables" : [ {
      "columnName" : "hospitals",
      "relationName" : "hospitals",
      "type" : "Hospitals",
      "watchOn" : "Health_connectHospitalsData",
      "package" : "com.healthconnect_pro.health_connect.Doctors"
    }, {
      "columnName" : "departments",
      "relationName" : "departments",
      "type" : "Departments",
      "watchOn" : "Health_connectDepartmentsData",
      "package" : "com.healthconnect_pro.health_connect.Doctors"
    } ],
    "filterFields" : { },
    "filterExpressions" : {
      "condition" : "AND",
      "rules" : [ {
        "target" : "id",
        "type" : "integer",
        "matchMode" : "exact",
        "value" : "bind:Widgets.DoctorsList1.selecteditem.id",
        "required" : false,
        "secondvalue" : "",
        "isFirst" : true
      } ]
    },
    "package" : "com.healthconnect_pro.health_connect.Doctors"
  },
  "rsLocation" : {
    "_id" : "wm-rsLocation-wm.ServiceVariable-1682573683635",
    "name" : "rsLocation",
    "owner" : "Page",
    "category" : "wm.ServiceVariable",
    "dataBinding" : [ {
      "target" : "query",
      "value" : "bind:Widgets.DoctorsList1.selecteditem.hospitals.hospitalAddress",
      "type" : "string"
    }, {
      "target" : "key",
      "value" : "6aa9cee5ff7b4a5d97d0fa473f7e4005",
      "type" : "string"
    } ],
    "type" : "opencagedata.RootResponse",
    "service" : "opencagedata",
    "operation" : "invoke",
    "operationId" : "opencagedata_RestServiceVirtualController-invoke",
    "operationType" : "get",
    "serviceType" : "RestService",
    "dataSet" : [ ],
    "isList" : false,
    "maxResults" : 20,
    "startUpdate" : false,
    "autoUpdate" : true,
    "inFlightBehavior" : "executeLast",
    "transformationRequired" : false,
    "saveInPhonegap" : false,
    "controller" : "RestServiceVirtual"
  },
  "slots" : {
    "_id" : "wm-slots-wm.LiveVariable-1683984283781",
    "name" : "slots",
    "owner" : "Page",
    "category" : "wm.LiveVariable",
    "dataBinding" : [ ],
    "operation" : "read",
    "dataSet" : [ ],
    "type" : "Timeslots",
    "isList" : false,
    "saveInPhonegap" : false,
    "maxResults" : 20,
    "designMaxResults" : 10,
    "inFlightBehavior" : "executeLast",
    "startUpdate" : true,
    "autoUpdate" : true,
    "transformationRequired" : false,
    "liveSource" : "health_connect",
    "ignoreCase" : true,
    "matchMode" : "startignorecase",
    "orderBy" : "id asc",
    "propertiesMap" : {
      "columns" : [ {
        "fieldName" : "id",
        "type" : "integer",
        "fullyQualifiedType" : "integer",
        "columnName" : "ID",
        "isPrimaryKey" : true,
        "notNull" : true,
        "length" : 0,
        "precision" : 10,
        "generator" : "identity",
        "isRelated" : false,
        "defaultValue" : "",
        "scale" : 0
      }, {
        "fieldName" : "timeslot",
        "type" : "string",
        "fullyQualifiedType" : "string",
        "columnName" : "timeslot",
        "isPrimaryKey" : false,
        "notNull" : false,
        "length" : 255,
        "precision" : 0,
        "generator" : "assigned",
        "isRelated" : false,
        "defaultValue" : "",
        "scale" : 0
      } ],
      "entityName" : "Timeslots",
      "fullyQualifiedName" : "com.healthconnect_pro.health_connect.Timeslots",
      "tableType" : "TABLE",
      "primaryFields" : [ "id" ]
    },
    "bindCount" : 4,
    "tableName" : "Timeslots",
    "tableType" : "TABLE",
    "properties" : [ ],
    "relatedTables" : [ ],
    "filterFields" : { },
    "filterExpressions" : { },
    "package" : "com.healthconnect_pro.health_connect.Timeslots"
  },
  "svAppointments" : {
    "_id" : "wm-svAppointments-wm.LiveVariable-1683638828800",
    "name" : "svAppointments",
    "owner" : "Page",
    "category" : "wm.LiveVariable",
    "dataBinding" : [ ],
    "operation" : "read",
    "dataSet" : [ ],
    "type" : "Appointments",
    "isList" : false,
    "saveInPhonegap" : false,
    "maxResults" : 20,
    "designMaxResults" : 10,
    "inFlightBehavior" : "executeLast",
    "startUpdate" : true,
    "autoUpdate" : true,
    "transformationRequired" : false,
    "liveSource" : "health_connect",
    "ignoreCase" : true,
    "matchMode" : "startignorecase",
    "orderBy" : "id asc",
    "propertiesMap" : {
      "columns" : [ {
        "fieldName" : "timeslots",
        "type" : "integer",
        "fullyQualifiedType" : "integer",
        "columnName" : "slot_id",
        "isPrimaryKey" : false,
        "notNull" : false,
        "length" : 0,
        "precision" : 10,
        "generator" : "assigned",
        "isRelated" : true,
        "defaultValue" : "",
        "relatedTableName" : "Timeslots",
        "relatedEntityName" : "Timeslots",
        "relatedColumnName" : "slotId",
        "relatedFieldName" : "timeslots.id",
        "isList" : false,
        "targetTable" : "Timeslots",
        "scale" : 0,
        "columns" : [ {
          "fieldName" : "id",
          "type" : "integer",
          "fullyQualifiedType" : "integer",
          "columnName" : "ID",
          "isPrimaryKey" : true,
          "notNull" : true,
          "length" : 0,
          "precision" : 10,
          "generator" : "identity",
          "isRelated" : false,
          "defaultValue" : "",
          "scale" : 0
        }, {
          "fieldName" : "timeslot",
          "type" : "string",
          "fullyQualifiedType" : "string",
          "columnName" : "timeslot",
          "isPrimaryKey" : false,
          "notNull" : false,
          "length" : 255,
          "precision" : 0,
          "generator" : "assigned",
          "isRelated" : false,
          "defaultValue" : "",
          "scale" : 0
        } ]
      }, {
        "fieldName" : "patients",
        "type" : "integer",
        "fullyQualifiedType" : "integer",
        "columnName" : "patient_id",
        "isPrimaryKey" : false,
        "notNull" : false,
        "length" : 0,
        "precision" : 10,
        "generator" : "assigned",
        "isRelated" : true,
        "relatedTableName" : "patients",
        "relatedEntityName" : "Patients",
        "relatedColumnName" : "patientId",
        "relatedFieldName" : "patients.id",
        "isList" : false,
        "targetTable" : "patients",
        "scale" : 0,
        "columns" : [ {
          "fieldName" : "id",
          "type" : "integer",
          "fullyQualifiedType" : "integer",
          "columnName" : "id",
          "isPrimaryKey" : true,
          "notNull" : true,
          "length" : 0,
          "precision" : 10,
          "generator" : "identity",
          "isRelated" : false,
          "scale" : 0
        }, {
          "fieldName" : "firstName",
          "type" : "string",
          "fullyQualifiedType" : "string",
          "columnName" : "first_name",
          "isPrimaryKey" : false,
          "notNull" : false,
          "length" : 255,
          "precision" : 0,
          "generator" : "assigned",
          "isRelated" : false,
          "scale" : 0
        }, {
          "fieldName" : "lastName",
          "type" : "string",
          "fullyQualifiedType" : "string",
          "columnName" : "last_name",
          "isPrimaryKey" : false,
          "notNull" : false,
          "length" : 255,
          "precision" : 0,
          "generator" : "assigned",
          "isRelated" : false,
          "scale" : 0
        }, {
          "fieldName" : "dateOfBirth",
          "type" : "date",
          "fullyQualifiedType" : "date",
          "columnName" : "date_of_birth",
          "isPrimaryKey" : false,
          "notNull" : false,
          "length" : 0,
          "precision" : 0,
          "generator" : "assigned",
          "isRelated" : false,
          "scale" : 0
        }, {
          "fieldName" : "gender",
          "type" : "string",
          "fullyQualifiedType" : "string",
          "columnName" : "gender",
          "isPrimaryKey" : false,
          "notNull" : false,
          "length" : 6,
          "precision" : 0,
          "generator" : "assigned",
          "isRelated" : false,
          "scale" : 0
        }, {
          "fieldName" : "addressLine",
          "type" : "string",
          "fullyQualifiedType" : "string",
          "columnName" : "address_line",
          "isPrimaryKey" : false,
          "notNull" : false,
          "length" : 255,
          "precision" : 0,
          "generator" : "assigned",
          "isRelated" : false,
          "scale" : 0
        }, {
          "fieldName" : "city",
          "type" : "string",
          "fullyQualifiedType" : "string",
          "columnName" : "city",
          "isPrimaryKey" : false,
          "notNull" : false,
          "length" : 255,
          "precision" : 0,
          "generator" : "assigned",
          "isRelated" : false,
          "scale" : 0
        }, {
          "fieldName" : "state",
          "type" : "string",
          "fullyQualifiedType" : "string",
          "columnName" : "state",
          "isPrimaryKey" : false,
          "notNull" : false,
          "length" : 255,
          "precision" : 0,
          "generator" : "assigned",
          "isRelated" : false,
          "scale" : 0
        }, {
          "fieldName" : "zipCode",
          "type" : "string",
          "fullyQualifiedType" : "string",
          "columnName" : "zip_code",
          "isPrimaryKey" : false,
          "notNull" : false,
          "length" : 255,
          "precision" : 0,
          "generator" : "assigned",
          "isRelated" : false,
          "scale" : 0
        }, {
          "fieldName" : "country",
          "type" : "string",
          "fullyQualifiedType" : "string",
          "columnName" : "country",
          "isPrimaryKey" : false,
          "notNull" : false,
          "length" : 255,
          "precision" : 0,
          "generator" : "assigned",
          "isRelated" : false,
          "scale" : 0
        }, {
          "fieldName" : "phoneNumber",
          "type" : "string",
          "fullyQualifiedType" : "string",
          "columnName" : "phone_number",
          "isPrimaryKey" : false,
          "notNull" : false,
          "length" : 255,
          "precision" : 0,
          "generator" : "assigned",
          "isRelated" : false,
          "scale" : 0
        }, {
          "fieldName" : "email",
          "type" : "string",
          "fullyQualifiedType" : "string",
          "columnName" : "email",
          "isPrimaryKey" : false,
          "notNull" : true,
          "length" : 255,
          "precision" : 0,
          "generator" : "assigned",
          "isRelated" : false,
          "defaultValue" : "",
          "scale" : 0
        }, {
          "fieldName" : "password",
          "type" : "string",
          "fullyQualifiedType" : "string",
          "columnName" : "password",
          "isPrimaryKey" : false,
          "notNull" : false,
          "length" : 20,
          "precision" : 0,
          "generator" : "assigned",
          "isRelated" : false,
          "defaultValue" : "",
          "scale" : 0
        }, {
          "fieldName" : "picture",
          "type" : "string",
          "fullyQualifiedType" : "string",
          "columnName" : "picture",
          "isPrimaryKey" : false,
          "notNull" : false,
          "length" : 255,
          "precision" : 0,
          "generator" : "assigned",
          "isRelated" : false,
          "defaultValue" : "",
          "scale" : 0
        } ]
      }, {
        "fieldName" : "doctors",
        "type" : "integer",
        "fullyQualifiedType" : "integer",
        "columnName" : "doctor_id",
        "isPrimaryKey" : false,
        "notNull" : false,
        "length" : 0,
        "precision" : 10,
        "generator" : "assigned",
        "isRelated" : true,
        "relatedTableName" : "doctors",
        "relatedEntityName" : "Doctors",
        "relatedColumnName" : "doctorId",
        "relatedFieldName" : "doctors.id",
        "isList" : false,
        "targetTable" : "doctors",
        "scale" : 0,
        "columns" : [ {
          "fieldName" : "hospitals",
          "type" : "integer",
          "fullyQualifiedType" : "integer",
          "columnName" : "hospital_id",
          "isPrimaryKey" : false,
          "notNull" : false,
          "length" : 0,
          "precision" : 10,
          "generator" : "assigned",
          "isRelated" : true,
          "relatedColumnName" : "hospitalId",
          "targetTable" : "hospitals",
          "scale" : 0
        }, {
          "fieldName" : "departments",
          "type" : "integer",
          "fullyQualifiedType" : "integer",
          "columnName" : "department_id",
          "isPrimaryKey" : false,
          "notNull" : false,
          "length" : 0,
          "precision" : 10,
          "generator" : "assigned",
          "isRelated" : true,
          "relatedColumnName" : "departmentId",
          "targetTable" : "departments",
          "scale" : 0
        }, {
          "fieldName" : "id",
          "type" : "integer",
          "fullyQualifiedType" : "integer",
          "columnName" : "id",
          "isPrimaryKey" : true,
          "notNull" : true,
          "length" : 0,
          "precision" : 10,
          "generator" : "identity",
          "isRelated" : false,
          "scale" : 0
        }, {
          "fieldName" : "picture",
          "type" : "string",
          "fullyQualifiedType" : "string",
          "columnName" : "picture",
          "isPrimaryKey" : false,
          "notNull" : false,
          "length" : 255,
          "precision" : 0,
          "generator" : "assigned",
          "isRelated" : false,
          "scale" : 0
        }, {
          "fieldName" : "fullName",
          "type" : "string",
          "fullyQualifiedType" : "string",
          "columnName" : "full_name",
          "isPrimaryKey" : false,
          "notNull" : false,
          "length" : 255,
          "precision" : 0,
          "generator" : "assigned",
          "isRelated" : false,
          "scale" : 0
        }, {
          "fieldName" : "specialization",
          "type" : "string",
          "fullyQualifiedType" : "string",
          "columnName" : "specialization",
          "isPrimaryKey" : false,
          "notNull" : false,
          "length" : 255,
          "precision" : 0,
          "generator" : "assigned",
          "isRelated" : false,
          "scale" : 0
        }, {
          "fieldName" : "daysAvailable",
          "type" : "string",
          "fullyQualifiedType" : "string",
          "columnName" : "days_available",
          "isPrimaryKey" : false,
          "notNull" : false,
          "length" : 255,
          "precision" : 0,
          "generator" : "assigned",
          "isRelated" : false,
          "scale" : 0
        }, {
          "fieldName" : "doctorStartDate",
          "type" : "date",
          "fullyQualifiedType" : "date",
          "columnName" : "doctor_start_date",
          "isPrimaryKey" : false,
          "notNull" : false,
          "length" : 0,
          "precision" : 0,
          "generator" : "assigned",
          "isRelated" : false,
          "scale" : 0
        }, {
          "fieldName" : "endDate",
          "type" : "date",
          "fullyQualifiedType" : "date",
          "columnName" : "end_date",
          "isPrimaryKey" : false,
          "notNull" : false,
          "length" : 0,
          "precision" : 0,
          "generator" : "assigned",
          "isRelated" : false,
          "scale" : 0
        } ]
      }, {
        "fieldName" : "id",
        "type" : "integer",
        "fullyQualifiedType" : "integer",
        "columnName" : "id",
        "isPrimaryKey" : true,
        "notNull" : true,
        "length" : 0,
        "precision" : 10,
        "generator" : "identity",
        "isRelated" : false,
        "scale" : 0
      }, {
        "fieldName" : "appointmentDate",
        "type" : "date",
        "fullyQualifiedType" : "date",
        "columnName" : "appointment_date",
        "isPrimaryKey" : false,
        "notNull" : false,
        "length" : 0,
        "precision" : 0,
        "generator" : "assigned",
        "isRelated" : false,
        "scale" : 0
      }, {
        "fieldName" : "dayOfWeek",
        "type" : "string",
        "fullyQualifiedType" : "string",
        "columnName" : "day_of_week",
        "isPrimaryKey" : false,
        "notNull" : false,
        "length" : 255,
        "precision" : 0,
        "generator" : "assigned",
        "isRelated" : false,
        "scale" : 0
      }, {
        "fieldName" : "appointmentStatus",
        "type" : "string",
        "fullyQualifiedType" : "string",
        "columnName" : "appointment_status",
        "isPrimaryKey" : false,
        "notNull" : false,
        "length" : 255,
        "precision" : 0,
        "generator" : "assigned",
        "isRelated" : false,
        "defaultValue" : "",
        "scale" : 0
      } ],
      "entityName" : "Appointments",
      "fullyQualifiedName" : "com.healthconnect_pro.health_connect.Appointments",
      "tableType" : "TABLE",
      "primaryFields" : [ "id" ]
    },
    "bindCount" : 9,
    "tableName" : "appointments",
    "tableType" : "TABLE",
    "properties" : [ "timeslots", "patients", "doctors" ],
    "relatedTables" : [ {
      "columnName" : "timeslots",
      "relationName" : "timeslots",
      "type" : "Timeslots",
      "watchOn" : "Health_connectTimeslotsData",
      "package" : "com.healthconnect_pro.health_connect.Appointments"
    }, {
      "columnName" : "patients",
      "relationName" : "patients",
      "type" : "Patients",
      "watchOn" : "Health_connectPatientsData",
      "package" : "com.healthconnect_pro.health_connect.Appointments"
    }, {
      "columnName" : "doctors",
      "relationName" : "doctors",
      "type" : "Doctors",
      "watchOn" : "Health_connectDoctorsData",
      "package" : "com.healthconnect_pro.health_connect.Appointments"
    } ],
    "filterFields" : { },
    "filterExpressions" : {
      "condition" : "AND",
      "rules" : [ {
        "target" : "doctorId",
        "type" : "integer",
        "matchMode" : "exact",
        "value" : "bind:Widgets.DoctorsList1.selecteditem.id",
        "required" : false,
        "secondvalue" : "",
        "isFirst" : true
      } ]
    },
    "package" : "com.healthconnect_pro.health_connect.Appointments"
  }
}