[ {
  "urlPattern" : "/pages/AppointmentScheduler/**",
  "permission" : "Authenticated",
  "roles" : [ ],
  "httpMethod" : null
}, {
  "urlPattern" : "/pages/footer/**",
  "permission" : "PermitAll",
  "roles" : [ ],
  "httpMethod" : null
}, {
  "urlPattern" : "/pages/header/**",
  "permission" : "Authenticated",
  "roles" : [ ],
  "httpMethod" : null
}, {
  "urlPattern" : "/pages/header1/**",
  "permission" : "PermitAll",
  "roles" : [ ],
  "httpMethod" : null
}, {
  "urlPattern" : "/pages/leftnav/**",
  "permission" : "Authenticated",
  "roles" : [ ],
  "httpMethod" : null
}, {
  "urlPattern" : "/pages/Login/**",
  "permission" : "PermitAll",
  "roles" : [ ],
  "httpMethod" : null
}, {
  "urlPattern" : "/pages/Main/**",
  "permission" : "Authenticated",
  "roles" : [ ],
  "httpMethod" : null
}, {
  "urlPattern" : "/pages/Medications/**",
  "permission" : "Authenticated",
  "roles" : [ ],
  "httpMethod" : null
}, {
  "urlPattern" : "/pages/Registration/**",
  "permission" : "PermitAll",
  "roles" : [ ],
  "httpMethod" : null
}, {
  "urlPattern" : "/pages/rightnav/**",
  "permission" : "Authenticated",
  "roles" : [ ],
  "httpMethod" : null
}, {
  "urlPattern" : "/pages/settings/**",
  "permission" : "Authenticated",
  "roles" : [ ],
  "httpMethod" : null
}, {
  "urlPattern" : "/pages/SymptomTracker/**",
  "permission" : "Authenticated",
  "roles" : [ ],
  "httpMethod" : null
}, {
  "urlPattern" : "/pages/topnav/**",
  "permission" : "Authenticated",
  "roles" : [ ],
  "httpMethod" : null
}, {
  "urlPattern" : "/prefabs/googlemaps/**",
  "permission" : "PermitAll",
  "roles" : [ ],
  "httpMethod" : null
}, {
  "urlPattern" : "/**",
  "permission" : "Authenticated",
  "roles" : null,
  "httpMethod" : null
}, {
  "urlPattern" : "/services/health_connect/Patients",
  "permission" : "PermitAll",
  "roles" : [ ],
  "httpMethod" : "POST"
}, {
  "urlPattern" : "/services/file/**",
  "permission" : "PermitAll",
  "roles" : [ ],
  "httpMethod" : null
} ]