<?xml version="1.0" encoding="utf-8"?>
<!--
      This is a Studio Managed File. DO NOT EDIT THIS FILE. Your changes may be reverted by Studio.
      Use project-user-spring.xml for adding new beans or overriding existing beans.
    -->
<beans xmlns="http://www.springframework.org/schema/beans"
       xmlns:context="http://www.springframework.org/schema/context"
       xmlns:xsi="http://www.w3.org/2001/XMLSchema-instance" xmlns:tx="http://www.springframework.org/schema/tx"
       xsi:schemaLocation="http://www.springframework.org/schema/beans http://www.springframework.org/schema/beans/spring-beans.xsd   http://www.springframework.org/schema/context http://www.springframework.org/schema/context/spring-context.xsd http://www.springframework.org/schema/tx http://www.springframework.org/schema/tx/spring-tx.xsd">

    <context:component-scan base-package="com.healthconnect_pro.health_connect.controller,com.healthconnect_pro.health_connect.service,com.healthconnect_pro.health_connect.dao"/>

    <bean id="health_connectHikariConfig" class="com.zaxxer.hikari.HikariConfig">
        <property name="jdbcUrl" value="${db.health_connect.url}"/>
        <property name="driverClassName" value="${db.health_connect.driverClass}"/>
        <property name="username" value="${db.health_connect.username}"/>
        <property name="password" value="${db.health_connect.password}"/>
        <property name="maximumPoolSize" value="${db.health_connect.maxPoolSize}"/>
        <property name="minimumIdle" value="${db.health_connect.minPoolSize}"/>
        <property name="connectionTimeout" value="30000" />
        <property name="validationTimeout" value="5000" />
        <property name="idleTimeout" value="600000" />
        <property name="maxLifetime" value="1800000" />
        <property name="initializationFailTimeout" value="-1" />
        <property name="leakDetectionThreshold" value="120000" />
        <property name="registerMbeans" value="false" />
    </bean>

    <bean id="health_connectWMManagedDataSource" class="com.zaxxer.hikari.HikariDataSource" destroy-method="close" lazy-init="true">
        <constructor-arg ref="health_connectHikariConfig"/>
    </bean>

    <bean id="health_connectEntityInterceptor" class="com.wavemaker.runtime.data.interceptors.WMEntityInterceptor"/>

    <bean id="health_connectSessionFactory" class="org.springframework.orm.hibernate5.LocalSessionFactoryBean">
        <property name="dataSource" ref="health_connectDataSource"/>
        <property name="packagesToScan" value="com.healthconnect_pro.health_connect"/>
        <property name="entityInterceptor" ref="health_connectEntityInterceptor"/>
        <property name="entityTypeFilters" ref="nonHistoryEntitiesFilter"/>
        <property name="mappingResources">
            <list>
                <value>
                health_connect-queries.hbm.xml
                </value>
            </list>
        </property>

        <property name="hibernateProperties" ref="health_connectHibernateProperties"/>
    </bean>
    <bean id="health_connectTransactionManager" class="org.springframework.orm.hibernate5.HibernateTransactionManager">
        <property name="sessionFactory" ref="health_connectSessionFactory"/>
        <property name="defaultTimeout" value="${db.health_connect.transactionTimeout}"/>
    </bean>
    <bean id="health_connectTemplate" class="org.springframework.orm.hibernate5.HibernateTemplate">
        <property name="sessionFactory" ref="health_connectSessionFactory"/>
    </bean>
    
    <bean id="health_connectWMQLTypeHelper" class="com.wavemaker.runtime.data.dao.query.types.wmql.WMQLDefaultTypeHelper" lazy-init="false" />
    
    <bean id="health_connectWMQueryExecutor" class="com.wavemaker.runtime.data.dao.query.WMQueryExecutorImpl">
        <property name="template" ref="health_connectTemplate"/>
    </bean>
    <bean id="health_connectWMProcedureExecutor" class="com.wavemaker.runtime.data.dao.procedure.WMProcedureExecutorImpl">
        <property name="template" ref="health_connectTemplate"/>
        <property name="serviceId" value="health_connect"/>
    </bean>

    <bean id="health_connectHibernateProperties" class="org.springframework.beans.factory.config.PropertiesFactoryBean">
        <property name="properties">
            <props>
                <prop key="hibernate.dialect">
                ${db.health_connect.dialect}
                </prop>
                <prop key="hibernate.show_sql">
                    false
                </prop>
                <prop key="hibernate.globally_quoted_identifiers">
                    false
                </prop>
                <prop key="hibernate.hbm2ddl.auto">
                ${db.health_connect.hbm2ddl}
                </prop>
                <prop key="hibernate.temp.use_jdbc_metadata_defaults">
                    false
                </prop>
                <prop key="hibernate.schema_update.unique_constraint_strategy">
                    skip
                </prop>
            </props>
        </property>
    </bean>

    <bean id="health_connectPageableHandlerMethodResolver" class="com.wavemaker.runtime.resolver.WMPageableHandlerMethodArgumentResolver" >
        <property name="pageParameterName" value="page"/>
        <property name="sizeParameterName" value="size"/>
        <property name="oneIndexedParameters" value="true"/>
        <property name="maxPageSize" value="${db.health_connect.maxPageSize}"/>
    </bean>

    <bean id="health_connectDataSource" class="com.wavemaker.runtime.data.datasource.WMDataSource">
        <property name="dataSourceType" value="${db.health_connect.dataSourceType}"/>
        <property name="jndiName" value="${db.health_connect.jndiName}"/>
        <property name="serviceId" value="health_connect"/>
    </bean>


    <tx:annotation-driven/>

</beans>

