{
  "username" : "{WM_CLOUD_MYSQL_USER_NAME}",
  "password" : "{WM_CLOUD_MYSQL_PASSWORD}",
  "url" : "jdbc:mariadb://{WM_CLOUD_MYSQL_HOST}/health_connect?useUnicode=yes&characterEncoding=UTF-8&zeroDateTimeBehavior=convertToNull&createDatabaseIfNotExist=true",
  "driverClass" : "org.mariadb.jdbc.Driver",
  "dialect" : "com.wavemaker.runtime.data.dialect.MySQLDialect",
  "serviceId" : "health_connect",
  "packageName" : "com.healthconnect_pro.health_connect",
  "dbType" : "MySQL",
  "host" : "{WM_CLOUD_MYSQL_HOST}",
  "dbName" : "health_connect",
  "port" : null,
  "schemaName" : null,
  "tableFilter" : [ {
    "table" : "Medications",
    "schema" : null
  }, {
    "table" : "Timeslots",
    "schema" : null
  }, {
    "table" : "patients",
    "schema" : null
  }, {
    "table" : "symptoms",
    "schema" : null
  }, {
    "table" : "hospitals",
    "schema" : null
  }, {
    "table" : "appointments",
    "schema" : null
  }, {
    "table" : "departments",
    "schema" : null
  }, {
    "table" : "doctors",
    "schema" : null
  } ],
  "schemaFilter" : [ ],
  "impersonateUser" : false,
  "activeDirectoryDomain" : null,
  "hbm2ddl" : "none",
  "maxPageSize" : 100,
  "minPoolSize" : 2,
  "maxPoolSize" : 4,
  "transactionTimeout" : 30,
  "dataSourceType" : "WM_MANAGED_DATASOURCE",
  "jndiName" : "",
  "reloadInfo" : {
    "reload" : false,
    "reason" : null,
    "message" : null,
    "reImport" : false
  },
  "readOnly" : false,
  "metadataDialect" : ""
}