{
  "Health_connectSymptomsData1" : {
    "_id" : "wm-Health_connectSymptomsData1-wm.LiveVariable-1684305206930",
    "name" : "Health_connectSymptomsData1",
    "owner" : "Page",
    "category" : "wm.LiveVariable",
    "dataBinding" : [ ],
    "operation" : "read",
    "dataSet" : [ ],
    "type" : "Symptoms",
    "isList" : true,
    "saveInPhonegap" : false,
    "maxResults" : 20,
    "designMaxResults" : 10,
    "inFlightBehavior" : "executeLast",
    "startUpdate" : true,
    "autoUpdate" : true,
    "transformationRequired" : false,
    "liveSource" : "health_connect",
    "ignoreCase" : true,
    "matchMode" : "startignorecase",
    "orderBy" : "id asc",
    "propertiesMap" : {
      "columns" : [ {
        "fieldName" : "id",
        "type" : "integer",
        "fullyQualifiedType" : "integer",
        "columnName" : "ID",
        "isPrimaryKey" : true,
        "notNull" : true,
        "length" : 0,
        "precision" : 10,
        "generator" : "identity",
        "isRelated" : false,
        "defaultValue" : "",
        "scale" : 0
      }, {
        "fieldName" : "symptom1",
        "type" : "string",
        "fullyQualifiedType" : "string",
        "columnName" : "Symptom1",
        "isPrimaryKey" : false,
        "notNull" : false,
        "length" : 255,
        "precision" : 0,
        "generator" : "assigned",
        "isRelated" : false,
        "defaultValue" : "",
        "scale" : 0
      }, {
        "fieldName" : "symptom2",
        "type" : "string",
        "fullyQualifiedType" : "string",
        "columnName" : "Symptom2",
        "isPrimaryKey" : false,
        "notNull" : false,
        "length" : 255,
        "precision" : 0,
        "generator" : "assigned",
        "isRelated" : false,
        "defaultValue" : "",
        "scale" : 0
      }, {
        "fieldName" : "symptom3",
        "type" : "string",
        "fullyQualifiedType" : "string",
        "columnName" : "Symptom3",
        "isPrimaryKey" : false,
        "notNull" : false,
        "length" : 255,
        "precision" : 0,
        "generator" : "assigned",
        "isRelated" : false,
        "defaultValue" : "",
        "scale" : 0
      }, {
        "fieldName" : "symptom4",
        "type" : "string",
        "fullyQualifiedType" : "string",
        "columnName" : "Symptom4",
        "isPrimaryKey" : false,
        "notNull" : false,
        "length" : 255,
        "precision" : 0,
        "generator" : "assigned",
        "isRelated" : false,
        "defaultValue" : "",
        "scale" : 0
      }, {
        "fieldName" : "symptom5",
        "type" : "string",
        "fullyQualifiedType" : "string",
        "columnName" : "Symptom5",
        "isPrimaryKey" : false,
        "notNull" : false,
        "length" : 255,
        "precision" : 0,
        "generator" : "assigned",
        "isRelated" : false,
        "defaultValue" : "",
        "scale" : 0
      }, {
        "fieldName" : "diagnosis",
        "type" : "string",
        "fullyQualifiedType" : "string",
        "columnName" : "Diagnosis",
        "isPrimaryKey" : false,
        "notNull" : false,
        "length" : 255,
        "precision" : 0,
        "generator" : "assigned",
        "isRelated" : false,
        "defaultValue" : "",
        "scale" : 0
      } ],
      "entityName" : "Symptoms",
      "fullyQualifiedName" : "com.healthconnect_pro.health_connect.Symptoms",
      "tableType" : "TABLE",
      "primaryFields" : [ "id" ]
    },
    "isDefault" : true,
    "bindCount" : 3,
    "tableName" : "symptoms",
    "tableType" : "TABLE",
    "properties" : [ ],
    "relatedTables" : [ ],
    "filterExpressions" : { },
    "package" : "com.healthconnect_pro.health_connect.Symptoms"
  },
  "svPatientid" : {
    "_id" : "wm-staticVariable1-wm.Variable-1683534252482",
    "name" : "svPatientid",
    "owner" : "Page",
    "category" : "wm.Variable",
    "dataBinding" : [ {
      "target" : "dataValue",
      "value" : "bind:Variables.loggedInUser.dataSet.id"
    } ],
    "dataSet" : {
      "dataValue" : ""
    },
    "type" : "string",
    "isList" : false,
    "twoWayBinding" : false,
    "saveInPhonegap" : false
  }
}