{
  "appNotification" : {
    "_id" : "wm-appErrorHandler-wm.NotificationVariable-1454664620943",
    "name" : "appNotification",
    "owner" : "App",
    "category" : "wm.NotificationVariable",
    "dataBinding" : [ {
      "target" : "content",
      "value" : "inline",
      "type" : "string"
    }, {
      "target" : "class",
      "value" : "Error",
      "type" : "string"
    }, {
      "target" : "toasterPosition",
      "value" : "bottom right",
      "type" : "string"
    } ],
    "operation" : "toast"
  },
  "Doctorscard" : {
    "_id" : "wm-Doctorscard-wm.Variable-1683189589759",
    "name" : "Doctorscard",
    "owner" : "App",
    "category" : "wm.Variable",
    "dataBinding" : [ {
      "target" : "dataValue",
      "value" : "bind:Widgets.search2.query",
      "type" : "string"
    } ],
    "dataSet" : {
      "dataValue" : ""
    },
    "type" : "string",
    "isList" : false,
    "twoWayBinding" : false,
    "saveInPhonegap" : false
  },
  "Doctorsdetails" : {
    "_id" : "wm-Doctorsdetails-wm.LiveVariable-1684146007811",
    "name" : "Doctorsdetails",
    "owner" : "App",
    "category" : "wm.LiveVariable",
    "dataBinding" : [ ],
    "operation" : "read",
    "dataSet" : [ ],
    "type" : "Doctors",
    "isList" : false,
    "saveInPhonegap" : false,
    "maxResults" : 20,
    "designMaxResults" : 10,
    "inFlightBehavior" : "executeLast",
    "startUpdate" : true,
    "autoUpdate" : true,
    "transformationRequired" : false,
    "liveSource" : "health_connect",
    "ignoreCase" : true,
    "matchMode" : "startignorecase",
    "orderBy" : "id asc",
    "propertiesMap" : {
      "columns" : [ {
        "fieldName" : "hospitals",
        "type" : "integer",
        "fullyQualifiedType" : "integer",
        "columnName" : "hospital_id",
        "isPrimaryKey" : false,
        "notNull" : false,
        "length" : 0,
        "precision" : 10,
        "generator" : "assigned",
        "isRelated" : true,
        "relatedTableName" : "hospitals",
        "relatedEntityName" : "Hospitals",
        "relatedColumnName" : "hospitalId",
        "relatedFieldName" : "hospitals.id",
        "isList" : false,
        "targetTable" : "hospitals",
        "scale" : 0,
        "columns" : [ {
          "fieldName" : "id",
          "type" : "integer",
          "fullyQualifiedType" : "integer",
          "columnName" : "id",
          "isPrimaryKey" : true,
          "notNull" : true,
          "length" : 0,
          "precision" : 10,
          "generator" : "identity",
          "isRelated" : false,
          "scale" : 0
        }, {
          "fieldName" : "hospitalName",
          "type" : "string",
          "fullyQualifiedType" : "string",
          "columnName" : "hospital_name",
          "isPrimaryKey" : false,
          "notNull" : false,
          "length" : 255,
          "precision" : 0,
          "generator" : "assigned",
          "isRelated" : false,
          "scale" : 0
        }, {
          "fieldName" : "hospitalAddress",
          "type" : "string",
          "fullyQualifiedType" : "string",
          "columnName" : "hospital_address",
          "isPrimaryKey" : false,
          "notNull" : false,
          "length" : 255,
          "precision" : 0,
          "generator" : "assigned",
          "isRelated" : false,
          "scale" : 0
        }, {
          "fieldName" : "hospitalDescription",
          "type" : "string",
          "fullyQualifiedType" : "string",
          "columnName" : "hospital_description",
          "isPrimaryKey" : false,
          "notNull" : false,
          "length" : 255,
          "precision" : 0,
          "generator" : "assigned",
          "isRelated" : false,
          "scale" : 0
        }, {
          "fieldName" : "picture",
          "type" : "string",
          "fullyQualifiedType" : "string",
          "columnName" : "picture",
          "isPrimaryKey" : false,
          "notNull" : false,
          "length" : 255,
          "precision" : 0,
          "generator" : "assigned",
          "isRelated" : false,
          "scale" : 0
        }, {
          "fieldName" : "numberofdoctors",
          "type" : "integer",
          "fullyQualifiedType" : "integer",
          "columnName" : "numberofdoctors",
          "isPrimaryKey" : false,
          "notNull" : false,
          "length" : 0,
          "precision" : 10,
          "generator" : "assigned",
          "isRelated" : false,
          "scale" : 0
        }, {
          "fieldName" : "numberofnurses",
          "type" : "integer",
          "fullyQualifiedType" : "integer",
          "columnName" : "numberofnurses",
          "isPrimaryKey" : false,
          "notNull" : false,
          "length" : 0,
          "precision" : 10,
          "generator" : "assigned",
          "isRelated" : false,
          "scale" : 0
        }, {
          "fieldName" : "personalstaff",
          "type" : "integer",
          "fullyQualifiedType" : "integer",
          "columnName" : "personalstaff",
          "isPrimaryKey" : false,
          "notNull" : false,
          "length" : 0,
          "precision" : 10,
          "generator" : "assigned",
          "isRelated" : false,
          "scale" : 0
        }, {
          "fieldName" : "city",
          "type" : "string",
          "fullyQualifiedType" : "string",
          "columnName" : "city",
          "isPrimaryKey" : false,
          "notNull" : false,
          "length" : 255,
          "precision" : 0,
          "generator" : "assigned",
          "isRelated" : false,
          "scale" : 0
        }, {
          "fieldName" : "hospitalState",
          "type" : "string",
          "fullyQualifiedType" : "string",
          "columnName" : "hospital_state",
          "isPrimaryKey" : false,
          "notNull" : false,
          "length" : 255,
          "precision" : 0,
          "generator" : "assigned",
          "isRelated" : false,
          "scale" : 0
        }, {
          "fieldName" : "zipCode",
          "type" : "string",
          "fullyQualifiedType" : "string",
          "columnName" : "zip_code",
          "isPrimaryKey" : false,
          "notNull" : false,
          "length" : 255,
          "precision" : 0,
          "generator" : "assigned",
          "isRelated" : false,
          "scale" : 0
        }, {
          "fieldName" : "country",
          "type" : "string",
          "fullyQualifiedType" : "string",
          "columnName" : "country",
          "isPrimaryKey" : false,
          "notNull" : false,
          "length" : 255,
          "precision" : 0,
          "generator" : "assigned",
          "isRelated" : false,
          "scale" : 0
        }, {
          "fieldName" : "phoneNumber",
          "type" : "string",
          "fullyQualifiedType" : "string",
          "columnName" : "phone_number",
          "isPrimaryKey" : false,
          "notNull" : false,
          "length" : 255,
          "precision" : 0,
          "generator" : "assigned",
          "isRelated" : false,
          "scale" : 0
        }, {
          "fieldName" : "email",
          "type" : "string",
          "fullyQualifiedType" : "string",
          "columnName" : "email",
          "isPrimaryKey" : false,
          "notNull" : false,
          "length" : 255,
          "precision" : 0,
          "generator" : "assigned",
          "isRelated" : false,
          "scale" : 0
        }, {
          "fieldName" : "website",
          "type" : "string",
          "fullyQualifiedType" : "string",
          "columnName" : "website",
          "isPrimaryKey" : false,
          "notNull" : false,
          "length" : 255,
          "precision" : 0,
          "generator" : "assigned",
          "isRelated" : false,
          "scale" : 0
        } ]
      }, {
        "fieldName" : "departments",
        "type" : "integer",
        "fullyQualifiedType" : "integer",
        "columnName" : "department_id",
        "isPrimaryKey" : false,
        "notNull" : false,
        "length" : 0,
        "precision" : 10,
        "generator" : "assigned",
        "isRelated" : true,
        "relatedTableName" : "departments",
        "relatedEntityName" : "Departments",
        "relatedColumnName" : "departmentId",
        "relatedFieldName" : "departments.id",
        "isList" : false,
        "targetTable" : "departments",
        "scale" : 0,
        "columns" : [ {
          "fieldName" : "hospitals",
          "type" : "integer",
          "fullyQualifiedType" : "integer",
          "columnName" : "hospital_id",
          "isPrimaryKey" : false,
          "notNull" : false,
          "length" : 0,
          "precision" : 10,
          "generator" : "assigned",
          "isRelated" : true,
          "relatedColumnName" : "hospitalId",
          "targetTable" : "hospitals",
          "scale" : 0
        }, {
          "fieldName" : "id",
          "type" : "integer",
          "fullyQualifiedType" : "integer",
          "columnName" : "id",
          "isPrimaryKey" : true,
          "notNull" : true,
          "length" : 0,
          "precision" : 10,
          "generator" : "assigned",
          "isRelated" : false,
          "scale" : 0
        }, {
          "fieldName" : "departmentName",
          "type" : "string",
          "fullyQualifiedType" : "string",
          "columnName" : "department_name",
          "isPrimaryKey" : false,
          "notNull" : false,
          "length" : 255,
          "precision" : 0,
          "generator" : "assigned",
          "isRelated" : false,
          "defaultValue" : "",
          "scale" : 0
        }, {
          "fieldName" : "departmentHead",
          "type" : "string",
          "fullyQualifiedType" : "string",
          "columnName" : "department_head",
          "isPrimaryKey" : false,
          "notNull" : false,
          "length" : 255,
          "precision" : 0,
          "generator" : "assigned",
          "isRelated" : false,
          "scale" : 0
        }, {
          "fieldName" : "departmentDescription",
          "type" : "string",
          "fullyQualifiedType" : "string",
          "columnName" : "department_description",
          "isPrimaryKey" : false,
          "notNull" : false,
          "length" : 255,
          "precision" : 0,
          "generator" : "assigned",
          "isRelated" : false,
          "scale" : 0
        } ]
      }, {
        "fieldName" : "id",
        "type" : "integer",
        "fullyQualifiedType" : "integer",
        "columnName" : "id",
        "isPrimaryKey" : true,
        "notNull" : true,
        "length" : 0,
        "precision" : 10,
        "generator" : "identity",
        "isRelated" : false,
        "scale" : 0
      }, {
        "fieldName" : "picture",
        "type" : "string",
        "fullyQualifiedType" : "string",
        "columnName" : "picture",
        "isPrimaryKey" : false,
        "notNull" : false,
        "length" : 255,
        "precision" : 0,
        "generator" : "assigned",
        "isRelated" : false,
        "scale" : 0
      }, {
        "fieldName" : "fullName",
        "type" : "string",
        "fullyQualifiedType" : "string",
        "columnName" : "full_name",
        "isPrimaryKey" : false,
        "notNull" : false,
        "length" : 255,
        "precision" : 0,
        "generator" : "assigned",
        "isRelated" : false,
        "scale" : 0
      }, {
        "fieldName" : "specialization",
        "type" : "string",
        "fullyQualifiedType" : "string",
        "columnName" : "specialization",
        "isPrimaryKey" : false,
        "notNull" : false,
        "length" : 255,
        "precision" : 0,
        "generator" : "assigned",
        "isRelated" : false,
        "scale" : 0
      }, {
        "fieldName" : "daysAvailable",
        "type" : "string",
        "fullyQualifiedType" : "string",
        "columnName" : "days_available",
        "isPrimaryKey" : false,
        "notNull" : false,
        "length" : 255,
        "precision" : 0,
        "generator" : "assigned",
        "isRelated" : false,
        "scale" : 0
      }, {
        "fieldName" : "doctorStartDate",
        "type" : "date",
        "fullyQualifiedType" : "date",
        "columnName" : "doctor_start_date",
        "isPrimaryKey" : false,
        "notNull" : false,
        "length" : 0,
        "precision" : 0,
        "generator" : "assigned",
        "isRelated" : false,
        "scale" : 0
      }, {
        "fieldName" : "endDate",
        "type" : "date",
        "fullyQualifiedType" : "date",
        "columnName" : "end_date",
        "isPrimaryKey" : false,
        "notNull" : false,
        "length" : 0,
        "precision" : 0,
        "generator" : "assigned",
        "isRelated" : false,
        "scale" : 0
      } ],
      "entityName" : "Doctors",
      "fullyQualifiedName" : "com.healthconnect_pro.health_connect.Doctors",
      "tableType" : "TABLE",
      "primaryFields" : [ "id" ]
    },
    "bindCount" : 6,
    "tableName" : "doctors",
    "tableType" : "TABLE",
    "properties" : [ "hospitals", "departments" ],
    "relatedTables" : [ {
      "columnName" : "hospitals",
      "relationName" : "hospitals",
      "type" : "Hospitals",
      "watchOn" : "Health_connectHospitalsData",
      "package" : "com.healthconnect_pro.health_connect.Doctors"
    }, {
      "columnName" : "departments",
      "relationName" : "departments",
      "type" : "Departments",
      "watchOn" : "Health_connectDepartmentsData",
      "package" : "com.healthconnect_pro.health_connect.Doctors"
    } ],
    "filterFields" : { },
    "filterExpressions" : {
      "condition" : "AND",
      "rules" : [ {
        "target" : "id",
        "type" : "integer",
        "matchMode" : "exact",
        "value" : "bind:Widgets.DoctorsList1.selecteditem.id",
        "required" : false,
        "secondvalue" : "",
        "isFirst" : true
      } ]
    },
    "package" : "com.healthconnect_pro.health_connect.Doctors"
  },
  "DoctorsList" : {
    "_id" : "wm-DoctorsList-wm.LiveVariable-1683278135545",
    "name" : "DoctorsList",
    "owner" : "App",
    "category" : "wm.LiveVariable",
    "dataBinding" : [ ],
    "operation" : "read",
    "dataSet" : [ ],
    "type" : "Doctors",
    "isList" : false,
    "saveInPhonegap" : false,
    "maxResults" : 20,
    "designMaxResults" : 10,
    "inFlightBehavior" : "executeLast",
    "startUpdate" : true,
    "autoUpdate" : true,
    "transformationRequired" : false,
    "liveSource" : "health_connect",
    "ignoreCase" : true,
    "matchMode" : "startignorecase",
    "orderBy" : "id asc",
    "propertiesMap" : {
      "columns" : [ {
        "fieldName" : "hospitals",
        "type" : "integer",
        "fullyQualifiedType" : "integer",
        "columnName" : "hospital_id",
        "isPrimaryKey" : false,
        "notNull" : false,
        "length" : 0,
        "precision" : 10,
        "generator" : "assigned",
        "isRelated" : true,
        "relatedTableName" : "hospitals",
        "relatedEntityName" : "Hospitals",
        "relatedColumnName" : "hospitalId",
        "relatedFieldName" : "hospitals.id",
        "isList" : false,
        "targetTable" : "hospitals",
        "scale" : 0,
        "columns" : [ {
          "fieldName" : "id",
          "type" : "integer",
          "fullyQualifiedType" : "integer",
          "columnName" : "id",
          "isPrimaryKey" : true,
          "notNull" : true,
          "length" : 0,
          "precision" : 10,
          "generator" : "identity",
          "isRelated" : false,
          "scale" : 0
        }, {
          "fieldName" : "hospitalName",
          "type" : "string",
          "fullyQualifiedType" : "string",
          "columnName" : "hospital_name",
          "isPrimaryKey" : false,
          "notNull" : false,
          "length" : 255,
          "precision" : 0,
          "generator" : "assigned",
          "isRelated" : false,
          "scale" : 0
        }, {
          "fieldName" : "hospitalAddress",
          "type" : "string",
          "fullyQualifiedType" : "string",
          "columnName" : "hospital_address",
          "isPrimaryKey" : false,
          "notNull" : false,
          "length" : 255,
          "precision" : 0,
          "generator" : "assigned",
          "isRelated" : false,
          "scale" : 0
        }, {
          "fieldName" : "hospitalDescription",
          "type" : "string",
          "fullyQualifiedType" : "string",
          "columnName" : "hospital_description",
          "isPrimaryKey" : false,
          "notNull" : false,
          "length" : 255,
          "precision" : 0,
          "generator" : "assigned",
          "isRelated" : false,
          "scale" : 0
        }, {
          "fieldName" : "picture",
          "type" : "string",
          "fullyQualifiedType" : "string",
          "columnName" : "picture",
          "isPrimaryKey" : false,
          "notNull" : false,
          "length" : 255,
          "precision" : 0,
          "generator" : "assigned",
          "isRelated" : false,
          "scale" : 0
        }, {
          "fieldName" : "numberofdoctors",
          "type" : "integer",
          "fullyQualifiedType" : "integer",
          "columnName" : "numberofdoctors",
          "isPrimaryKey" : false,
          "notNull" : false,
          "length" : 0,
          "precision" : 10,
          "generator" : "assigned",
          "isRelated" : false,
          "scale" : 0
        }, {
          "fieldName" : "numberofnurses",
          "type" : "integer",
          "fullyQualifiedType" : "integer",
          "columnName" : "numberofnurses",
          "isPrimaryKey" : false,
          "notNull" : false,
          "length" : 0,
          "precision" : 10,
          "generator" : "assigned",
          "isRelated" : false,
          "scale" : 0
        }, {
          "fieldName" : "personalstaff",
          "type" : "integer",
          "fullyQualifiedType" : "integer",
          "columnName" : "personalstaff",
          "isPrimaryKey" : false,
          "notNull" : false,
          "length" : 0,
          "precision" : 10,
          "generator" : "assigned",
          "isRelated" : false,
          "scale" : 0
        }, {
          "fieldName" : "city",
          "type" : "string",
          "fullyQualifiedType" : "string",
          "columnName" : "city",
          "isPrimaryKey" : false,
          "notNull" : false,
          "length" : 255,
          "precision" : 0,
          "generator" : "assigned",
          "isRelated" : false,
          "scale" : 0
        }, {
          "fieldName" : "hospitalState",
          "type" : "string",
          "fullyQualifiedType" : "string",
          "columnName" : "hospital_state",
          "isPrimaryKey" : false,
          "notNull" : false,
          "length" : 255,
          "precision" : 0,
          "generator" : "assigned",
          "isRelated" : false,
          "scale" : 0
        }, {
          "fieldName" : "zipCode",
          "type" : "string",
          "fullyQualifiedType" : "string",
          "columnName" : "zip_code",
          "isPrimaryKey" : false,
          "notNull" : false,
          "length" : 255,
          "precision" : 0,
          "generator" : "assigned",
          "isRelated" : false,
          "scale" : 0
        }, {
          "fieldName" : "country",
          "type" : "string",
          "fullyQualifiedType" : "string",
          "columnName" : "country",
          "isPrimaryKey" : false,
          "notNull" : false,
          "length" : 255,
          "precision" : 0,
          "generator" : "assigned",
          "isRelated" : false,
          "scale" : 0
        }, {
          "fieldName" : "phoneNumber",
          "type" : "string",
          "fullyQualifiedType" : "string",
          "columnName" : "phone_number",
          "isPrimaryKey" : false,
          "notNull" : false,
          "length" : 255,
          "precision" : 0,
          "generator" : "assigned",
          "isRelated" : false,
          "scale" : 0
        }, {
          "fieldName" : "email",
          "type" : "string",
          "fullyQualifiedType" : "string",
          "columnName" : "email",
          "isPrimaryKey" : false,
          "notNull" : false,
          "length" : 255,
          "precision" : 0,
          "generator" : "assigned",
          "isRelated" : false,
          "scale" : 0
        }, {
          "fieldName" : "website",
          "type" : "string",
          "fullyQualifiedType" : "string",
          "columnName" : "website",
          "isPrimaryKey" : false,
          "notNull" : false,
          "length" : 255,
          "precision" : 0,
          "generator" : "assigned",
          "isRelated" : false,
          "scale" : 0
        } ]
      }, {
        "fieldName" : "departments",
        "type" : "integer",
        "fullyQualifiedType" : "integer",
        "columnName" : "department_id",
        "isPrimaryKey" : false,
        "notNull" : false,
        "length" : 0,
        "precision" : 10,
        "generator" : "assigned",
        "isRelated" : true,
        "relatedTableName" : "departments",
        "relatedEntityName" : "Departments",
        "relatedColumnName" : "departmentId",
        "relatedFieldName" : "departments.id",
        "isList" : false,
        "targetTable" : "departments",
        "scale" : 0,
        "columns" : [ {
          "fieldName" : "hospitals",
          "type" : "integer",
          "fullyQualifiedType" : "integer",
          "columnName" : "hospital_id",
          "isPrimaryKey" : false,
          "notNull" : false,
          "length" : 0,
          "precision" : 10,
          "generator" : "assigned",
          "isRelated" : true,
          "relatedColumnName" : "hospitalId",
          "targetTable" : "hospitals",
          "scale" : 0
        }, {
          "fieldName" : "id",
          "type" : "integer",
          "fullyQualifiedType" : "integer",
          "columnName" : "id",
          "isPrimaryKey" : true,
          "notNull" : true,
          "length" : 0,
          "precision" : 10,
          "generator" : "assigned",
          "isRelated" : false,
          "scale" : 0
        }, {
          "fieldName" : "departmentName",
          "type" : "string",
          "fullyQualifiedType" : "string",
          "columnName" : "department_name",
          "isPrimaryKey" : false,
          "notNull" : false,
          "length" : 255,
          "precision" : 0,
          "generator" : "assigned",
          "isRelated" : false,
          "defaultValue" : "",
          "scale" : 0
        }, {
          "fieldName" : "departmentHead",
          "type" : "string",
          "fullyQualifiedType" : "string",
          "columnName" : "department_head",
          "isPrimaryKey" : false,
          "notNull" : false,
          "length" : 255,
          "precision" : 0,
          "generator" : "assigned",
          "isRelated" : false,
          "scale" : 0
        }, {
          "fieldName" : "departmentDescription",
          "type" : "string",
          "fullyQualifiedType" : "string",
          "columnName" : "department_description",
          "isPrimaryKey" : false,
          "notNull" : false,
          "length" : 255,
          "precision" : 0,
          "generator" : "assigned",
          "isRelated" : false,
          "scale" : 0
        } ]
      }, {
        "fieldName" : "id",
        "type" : "integer",
        "fullyQualifiedType" : "integer",
        "columnName" : "id",
        "isPrimaryKey" : true,
        "notNull" : true,
        "length" : 0,
        "precision" : 10,
        "generator" : "identity",
        "isRelated" : false,
        "scale" : 0
      }, {
        "fieldName" : "picture",
        "type" : "string",
        "fullyQualifiedType" : "string",
        "columnName" : "picture",
        "isPrimaryKey" : false,
        "notNull" : false,
        "length" : 255,
        "precision" : 0,
        "generator" : "assigned",
        "isRelated" : false,
        "scale" : 0
      }, {
        "fieldName" : "fullName",
        "type" : "string",
        "fullyQualifiedType" : "string",
        "columnName" : "full_name",
        "isPrimaryKey" : false,
        "notNull" : false,
        "length" : 255,
        "precision" : 0,
        "generator" : "assigned",
        "isRelated" : false,
        "scale" : 0
      }, {
        "fieldName" : "specialization",
        "type" : "string",
        "fullyQualifiedType" : "string",
        "columnName" : "specialization",
        "isPrimaryKey" : false,
        "notNull" : false,
        "length" : 255,
        "precision" : 0,
        "generator" : "assigned",
        "isRelated" : false,
        "scale" : 0
      }, {
        "fieldName" : "daysAvailable",
        "type" : "string",
        "fullyQualifiedType" : "string",
        "columnName" : "days_available",
        "isPrimaryKey" : false,
        "notNull" : false,
        "length" : 255,
        "precision" : 0,
        "generator" : "assigned",
        "isRelated" : false,
        "scale" : 0
      }, {
        "fieldName" : "doctorStartDate",
        "type" : "date",
        "fullyQualifiedType" : "date",
        "columnName" : "doctor_start_date",
        "isPrimaryKey" : false,
        "notNull" : false,
        "length" : 0,
        "precision" : 0,
        "generator" : "assigned",
        "isRelated" : false,
        "scale" : 0
      }, {
        "fieldName" : "endDate",
        "type" : "date",
        "fullyQualifiedType" : "date",
        "columnName" : "end_date",
        "isPrimaryKey" : false,
        "notNull" : false,
        "length" : 0,
        "precision" : 0,
        "generator" : "assigned",
        "isRelated" : false,
        "scale" : 0
      } ],
      "entityName" : "Doctors",
      "fullyQualifiedName" : "com.healthconnect_pro.health_connect.Doctors",
      "tableType" : "TABLE",
      "primaryFields" : [ "id" ]
    },
    "bindCount" : 10,
    "tableName" : "doctors",
    "tableType" : "TABLE",
    "properties" : [ "hospitals", "departments" ],
    "relatedTables" : [ {
      "columnName" : "hospitals",
      "relationName" : "hospitals",
      "type" : "Hospitals",
      "watchOn" : "Health_connectHospitalsData",
      "package" : "com.healthconnect_pro.health_connect.Doctors"
    }, {
      "columnName" : "departments",
      "relationName" : "departments",
      "type" : "Departments",
      "watchOn" : "Health_connectDepartmentsData",
      "package" : "com.healthconnect_pro.health_connect.Doctors"
    } ],
    "filterFields" : { },
    "filterExpressions" : {
      "condition" : "AND",
      "rules" : [ {
        "target" : "hospitals.city",
        "type" : "string",
        "matchMode" : "anywhereignorecase",
        "value" : "bind:pageParams.search",
        "required" : false,
        "secondvalue" : "",
        "isFirst" : true
      } ]
    },
    "package" : "com.healthconnect_pro.health_connect.Doctors"
  },
  "goToPage_AppointmentScheduler" : {
    "_id" : "wm-goToPage_home-wm.NavigationVariable-1682056414973",
    "name" : "goToPage_AppointmentScheduler",
    "owner" : "App",
    "category" : "wm.NavigationVariable",
    "dataBinding" : [ {
      "target" : "pageName",
      "value" : "AppointmentScheduler",
      "type" : "string"
    } ],
    "operation" : "gotoPage",
    "pageName" : "AppointmentScheduler",
    "dataSet" : [ {
      "type" : "string",
      "target" : "search",
      "value" : "bind:Widgets.search2.query"
    } ],
    "pageTransitions" : "none"
  },
  "goToPage_Main" : {
    "_id" : "wm-wm.NavigationVariable1389180517517",
    "name" : "goToPage_Main",
    "owner" : "App",
    "category" : "wm.NavigationVariable",
    "operation" : "gotoPage",
    "pageName" : "Main"
  },
  "goToPage_Medications" : {
    "_id" : "wm-goToPage_Medications-wm.NavigationVariable-1683617363078",
    "name" : "goToPage_Medications",
    "owner" : "App",
    "category" : "wm.NavigationVariable",
    "dataBinding" : [ ],
    "operation" : "gotoPage",
    "pageName" : "Medications",
    "dataSet" : [ ],
    "pageTransitions" : "none"
  },
  "goToPage_Registration" : {
    "_id" : "wm-goToPage_Registration-wm.NavigationVariable-1683263542256",
    "name" : "goToPage_Registration",
    "owner" : "App",
    "category" : "wm.NavigationVariable",
    "dataBinding" : [ ],
    "operation" : "gotoPage",
    "pageName" : "Registration",
    "dataSet" : [ ],
    "pageTransitions" : "none"
  },
  "goToPage_settings" : {
    "_id" : "wm-goToPage_settings-wm.NavigationVariable-1684130020961",
    "name" : "goToPage_settings",
    "owner" : "App",
    "category" : "wm.NavigationVariable",
    "dataBinding" : [ ],
    "operation" : "gotoPage",
    "pageName" : "settings",
    "dataSet" : [ ],
    "pageTransitions" : "none"
  },
  "goToPage_SymptomTracker" : {
    "_id" : "wm-goToPage_Medications-wm.NavigationVariable-1683033501259",
    "name" : "goToPage_SymptomTracker",
    "owner" : "App",
    "category" : "wm.NavigationVariable",
    "dataBinding" : [ ],
    "operation" : "gotoPage",
    "pageName" : "SymptomTracker",
    "dataSet" : [ ],
    "pageTransitions" : "none"
  },
  "LoggedGetbyemail" : {
    "_id" : "wm-LoggedInCustomer-wm.ServiceVariable-1684130851167",
    "name" : "LoggedGetbyemail",
    "owner" : "App",
    "category" : "wm.ServiceVariable",
    "dataBinding" : [ {
      "target" : "email",
      "value" : "bind:Variables.loggedInUser.dataSet.name",
      "type" : "string"
    } ],
    "type" : "com.healthconnect_pro.health_connect.Patients",
    "service" : "health_connect",
    "operation" : "getByEmail",
    "operationId" : "PatientsController_getByEmail",
    "operationType" : "get",
    "serviceType" : "DataService",
    "dataSet" : [ ],
    "isList" : false,
    "maxResults" : 20,
    "startUpdate" : true,
    "autoUpdate" : true,
    "inFlightBehavior" : "executeLast",
    "transformationRequired" : false,
    "saveInPhonegap" : false,
    "controller" : "Patients"
  },
  "loggedInUser" : {
    "_id" : "wm-loggedInUser-wm.Variable-1683124561653",
    "name" : "loggedInUser",
    "owner" : "App",
    "category" : "wm.Variable",
    "dataBinding" : [ ],
    "dataSet" : {
      "name" : "",
      "id" : "",
      "tenantId" : "",
      "isAuthenticated" : false,
      "isSecurityEnabled" : true,
      "roles" : [ ]
    },
    "type" : "string",
    "isList" : false,
    "twoWayBinding" : false,
    "saveInPhonegap" : false
  },
  "loginAction" : {
    "_id" : "wm-loginAction-wm.LoginVariable-1683124561653",
    "name" : "loginAction",
    "owner" : "App",
    "category" : "wm.LoginVariable",
    "dataBinding" : [ ],
    "dataSet" : { },
    "type" : "string",
    "saveInPhonegap" : false,
    "startUpdate" : false,
    "autoUpdate" : false,
    "inFlightBehavior" : "executeLast",
    "transformationRequired" : false,
    "useDefaultSuccessHandler" : true
  },
  "logoutAction" : {
    "_id" : "wm-logoutAction-wm.LogoutVariable-1683124561653",
    "name" : "logoutAction",
    "owner" : "App",
    "category" : "wm.LogoutVariable",
    "type" : "string",
    "saveInPhonegap" : false,
    "inFlightBehavior" : "executeLast",
    "transformationRequired" : false,
    "redirectTo" : "Login",
    "useDefaultSuccessHandler" : true
  },
  "patientdata" : {
    "_id" : "wm-patientdata-wm.LiveVariable-1684130794510",
    "name" : "patientdata",
    "owner" : "App",
    "category" : "wm.LiveVariable",
    "dataBinding" : [ ],
    "operation" : "read",
    "dataSet" : [ ],
    "type" : "Patients",
    "isList" : false,
    "saveInPhonegap" : false,
    "maxResults" : 20,
    "designMaxResults" : 10,
    "inFlightBehavior" : "executeLast",
    "startUpdate" : true,
    "autoUpdate" : true,
    "transformationRequired" : false,
    "liveSource" : "health_connect",
    "ignoreCase" : true,
    "matchMode" : "startignorecase",
    "orderBy" : "id asc",
    "propertiesMap" : {
      "columns" : [ {
        "fieldName" : "id",
        "type" : "integer",
        "fullyQualifiedType" : "integer",
        "columnName" : "id",
        "isPrimaryKey" : true,
        "notNull" : true,
        "length" : 0,
        "precision" : 10,
        "generator" : "identity",
        "isRelated" : false,
        "scale" : 0
      }, {
        "fieldName" : "firstName",
        "type" : "string",
        "fullyQualifiedType" : "string",
        "columnName" : "first_name",
        "isPrimaryKey" : false,
        "notNull" : false,
        "length" : 255,
        "precision" : 0,
        "generator" : "assigned",
        "isRelated" : false,
        "scale" : 0
      }, {
        "fieldName" : "lastName",
        "type" : "string",
        "fullyQualifiedType" : "string",
        "columnName" : "last_name",
        "isPrimaryKey" : false,
        "notNull" : false,
        "length" : 255,
        "precision" : 0,
        "generator" : "assigned",
        "isRelated" : false,
        "scale" : 0
      }, {
        "fieldName" : "dateOfBirth",
        "type" : "date",
        "fullyQualifiedType" : "date",
        "columnName" : "date_of_birth",
        "isPrimaryKey" : false,
        "notNull" : false,
        "length" : 0,
        "precision" : 0,
        "generator" : "assigned",
        "isRelated" : false,
        "scale" : 0
      }, {
        "fieldName" : "gender",
        "type" : "string",
        "fullyQualifiedType" : "string",
        "columnName" : "gender",
        "isPrimaryKey" : false,
        "notNull" : false,
        "length" : 6,
        "precision" : 0,
        "generator" : "assigned",
        "isRelated" : false,
        "scale" : 0
      }, {
        "fieldName" : "addressLine",
        "type" : "string",
        "fullyQualifiedType" : "string",
        "columnName" : "address_line",
        "isPrimaryKey" : false,
        "notNull" : false,
        "length" : 255,
        "precision" : 0,
        "generator" : "assigned",
        "isRelated" : false,
        "scale" : 0
      }, {
        "fieldName" : "city",
        "type" : "string",
        "fullyQualifiedType" : "string",
        "columnName" : "city",
        "isPrimaryKey" : false,
        "notNull" : false,
        "length" : 255,
        "precision" : 0,
        "generator" : "assigned",
        "isRelated" : false,
        "scale" : 0
      }, {
        "fieldName" : "state",
        "type" : "string",
        "fullyQualifiedType" : "string",
        "columnName" : "state",
        "isPrimaryKey" : false,
        "notNull" : false,
        "length" : 255,
        "precision" : 0,
        "generator" : "assigned",
        "isRelated" : false,
        "scale" : 0
      }, {
        "fieldName" : "zipCode",
        "type" : "string",
        "fullyQualifiedType" : "string",
        "columnName" : "zip_code",
        "isPrimaryKey" : false,
        "notNull" : false,
        "length" : 255,
        "precision" : 0,
        "generator" : "assigned",
        "isRelated" : false,
        "scale" : 0
      }, {
        "fieldName" : "country",
        "type" : "string",
        "fullyQualifiedType" : "string",
        "columnName" : "country",
        "isPrimaryKey" : false,
        "notNull" : false,
        "length" : 255,
        "precision" : 0,
        "generator" : "assigned",
        "isRelated" : false,
        "scale" : 0
      }, {
        "fieldName" : "phoneNumber",
        "type" : "string",
        "fullyQualifiedType" : "string",
        "columnName" : "phone_number",
        "isPrimaryKey" : false,
        "notNull" : false,
        "length" : 255,
        "precision" : 0,
        "generator" : "assigned",
        "isRelated" : false,
        "scale" : 0
      }, {
        "fieldName" : "email",
        "type" : "string",
        "fullyQualifiedType" : "string",
        "columnName" : "email",
        "isPrimaryKey" : false,
        "notNull" : true,
        "length" : 255,
        "precision" : 0,
        "generator" : "assigned",
        "isRelated" : false,
        "defaultValue" : "",
        "scale" : 0
      }, {
        "fieldName" : "password",
        "type" : "string",
        "fullyQualifiedType" : "string",
        "columnName" : "password",
        "isPrimaryKey" : false,
        "notNull" : false,
        "length" : 20,
        "precision" : 0,
        "generator" : "assigned",
        "isRelated" : false,
        "defaultValue" : "",
        "scale" : 0
      }, {
        "fieldName" : "picture",
        "type" : "string",
        "fullyQualifiedType" : "string",
        "columnName" : "picture",
        "isPrimaryKey" : false,
        "notNull" : false,
        "length" : 255,
        "precision" : 0,
        "generator" : "assigned",
        "isRelated" : false,
        "defaultValue" : "",
        "scale" : 0
      } ],
      "entityName" : "Patients",
      "fullyQualifiedName" : "com.healthconnect_pro.health_connect.Patients",
      "tableType" : "TABLE",
      "primaryFields" : [ "id" ]
    },
    "bindCount" : 3,
    "tableName" : "patients",
    "tableType" : "TABLE",
    "properties" : [ ],
    "relatedTables" : [ ],
    "filterFields" : { },
    "filterExpressions" : {
      "condition" : "AND",
      "rules" : [ {
        "target" : "",
        "type" : "string",
        "matchMode" : "anywhereignorecase",
        "value" : "",
        "required" : false,
        "secondvalue" : ""
      } ]
    },
    "package" : "com.healthconnect_pro.health_connect.Patients"
  },
  "supportedLocale" : {
    "_id" : "wm-wm.Variable1402640443182",
    "name" : "supportedLocale",
    "owner" : "App",
    "category" : "wm.Variable",
    "dataSet" : {
      "en" : "English"
    },
    "type" : "string",
    "isList" : false,
    "saveInPhonegap" : false
  }
}