[ {
  "name" : "AppointmentScheduler",
  "type" : "PAGE",
  "params" : [ {
    "name" : "search",
    "type" : "string"
  } ]
}, {
  "name" : "Common",
  "type" : "PARTIAL",
  "params" : [ ]
}, {
  "name" : "Login",
  "type" : "PAGE",
  "params" : [ ]
}, {
  "name" : "Main",
  "type" : "PAGE",
  "params" : [ ]
}, {
  "name" : "Medications",
  "type" : "PAGE",
  "params" : [ ]
}, {
  "name" : "Registration",
  "type" : "PAGE",
  "params" : [ ]
}, {
  "name" : "SymptomTracker",
  "type" : "PAGE",
  "params" : [ ]
}, {
  "name" : "footer",
  "type" : "FOOTER",
  "params" : [ ]
}, {
  "name" : "header",
  "type" : "HEADER",
  "params" : [ ]
}, {
  "name" : "header1",
  "type" : "HEADER",
  "params" : [ ]
}, {
  "name" : "leftnav",
  "type" : "LEFTNAV",
  "params" : [ ]
}, {
  "name" : "rightnav",
  "type" : "RIGHTNAV",
  "params" : [ ]
}, {
  "name" : "settings",
  "type" : "PAGE",
  "params" : [ ]
}, {
  "name" : "topnav",
  "type" : "TOPNAV",
  "params" : [ ]
} ]